question_id,source_file,unit_code,unit_name,institution,year,semester,paper_type,question_number,question_text,marks,question_type,difficulty,has_diagram,diagram_file,diagram_description,tags,model_solution,status
017787f1,2.2 EMM Exams.pdf,EMM 205,FLUID MECHANICS II,KENYATTA UNIVERSITY,2022,1,EXAMINATION,Q1(a)(i),What is the physical meaning of Reynold's Number?,2,explanation,easy,false,,,"Reynolds number, Fluid mechanics",,extracted
48ff97e6,2.2 EMM Exams.pdf,EMM 205,FLUID MECHANICS II,KENYATTA UNIVERSITY,2022,1,EXAMINATION,Q1(a)(ii),Why is it critical in flow fluids?,2,explanation,easy,false,,,"Critical flow, Fluid mechanics",,extracted
fd618214,2.2 EMM Exams.pdf,EMM 205,FLUID MECHANICS II,KENYATTA UNIVERSITY,2022,1,EXAMINATION,Q1(b),"A horizontal jet of cross sectional area $am^2$, mass density $\rho_{kg/m}$ moving at a velocity of $V_m/sec$ strikes an inclined plate at angle of $\theta$ degrees to the normal to the plate. Derive an expression for the normal force exerted on the plate when it is stationary.",2,derivation,medium,false,,,"Fluid mechanics, Normal force, Jet impact",,extracted
b9de8cd1,2.2 EMM Exams.pdf,EMM 205,FLUID MECHANICS II,KENYATTA UNIVERSITY,2022,1,EXAMINATION,Q1(c),If the plate is moving at $u m/sec$ in the direction normal to the plate derive an expression for the,2,derivation,medium,false,,,"Fluid mechanics, Moving plate, Normal force",,extracted
cbb564b8,2.2 EMM Exams.pdf,EMM 205,FLUID MECHANICS II,KENYATTA UNIVERSITY,2022,1,EXAMINATION,Q1(c)(i),force exerted on the plate,2,derivation,medium,false,,,"Fluid mechanics, Moving plate, Normal force",,extracted
01857984,2.2 EMM Exams.pdf,EMM 205,FLUID MECHANICS II,KENYATTA UNIVERSITY,2022,1,EXAMINATION,Q1(c)(ii),work done per second,2,derivation,medium,false,,,"Fluid mechanics, Work done, Moving plate",,extracted
76198b01,2.2 EMM Exams.pdf,EMM 205,FLUID MECHANICS II,KENYATTA UNIVERSITY,2022,1,EXAMINATION,Q1(c)(iii),efficiency of the arrangement,2,derivation,medium,false,,,"Fluid mechanics, Efficiency, Moving plate",,extracted
97476870,2.2 EMM Exams.pdf,EMM 205,FLUID MECHANICS II,KENYATTA UNIVERSITY,2022,1,EXAMINATION,Q1(d),A flat plate is struck at an angle of $60^{\circ}$ to the normal to the plate by a jet of water 50mm in diameter with a velocity of 18m/sec. Calculate the:,,calculation,medium,false,,,"Fluid mechanics, Jet impact",,extracted
57738f5e,2.2 EMM Exams.pdf,EMM 205,FLUID MECHANICS II,KENYATTA UNIVERSITY,2022,1,EXAMINATION,Q1(d)(i),Normal force exerted on the plate when it is stationary,2,calculation,medium,false,,,"Fluid mechanics, Normal force, Stationary plate",,extracted
a0bd0dd2,2.2 EMM Exams.pdf,EMM 205,FLUID MECHANICS II,KENYATTA UNIVERSITY,2022,1,EXAMINATION,Q1(d)(ii),Normal force exerted on the plate when it is moving to the direction normal to the plate at a velocity of 6m/sec.,4,calculation,medium,false,,,"Fluid mechanics, Normal force, Moving plate",,extracted
3cbc630e,2.2 EMM Exams.pdf,EMM 205,FLUID MECHANICS II,KENYATTA UNIVERSITY,2022,1,EXAMINATION,Q1(d)(iii),work done per second,4,calculation,medium,false,,,"Fluid mechanics, Work done, Moving plate",,extracted
ece7f334,2.2 EMM Exams.pdf,EMM 205,FLUID MECHANICS II,KENYATTA UNIVERSITY,2022,1,EXAMINATION,Q1(d)(iv),Efficiency of the arrangement.,5,calculation,medium,false,,,"Fluid mechanics, Efficiency, Moving plate",,extracted
97688a9a,2.2 EMM Exams.pdf,EMM 205,FLUID MECHANICS II,KENYATTA UNIVERSITY,2022,1,EXAMINATION,Q2(a)(i),"Working from first principles and explaining the meaning of all symbols used, derive an expression for the rate of steady flow under lamina conditions of a viscous incompressible fluid through a rectangular passage of width b, a small depth h and a length L in the direction of flow due to pressure difference p.",,derivation,hard,false,,,"Fluid mechanics, Viscous flow, Laminar flow",,extracted
18d8a42b,2.2 EMM Exams.pdf,EMM 205,FLUID MECHANICS II,KENYATTA UNIVERSITY,2022,1,EXAMINATION,Q2(a)(ii),"Show that shear stress on the wall $\tau$ is given by
$$\tau = \frac{6 \eta V}{h}$$
where $\eta$ = coefficient of dynamic viscosity
 $V$= mean velocity of flow",,proof,medium,false,,,"Fluid mechanics, Shear stress, Viscosity",,extracted
2c658af2,2.2 EMM Exams.pdf,EMM 205,FLUID MECHANICS II,KENYATTA UNIVERSITY,2022,1,EXAMINATION,Q2(b),"The radial clearance between a plunger and the walls of a cylinder is 0.075mm, the length of the plunger is 250mm and its diameter 100mm. The pressure difference between the ends of the plunger is 207kN/m². Estimate the rate of leakage in litres per sec.
Assume $\eta_{water} = 1.31 \times 10^{-3} \frac{kg}{m \cdot sec}$",6,calculation,medium,false,,,"Fluid mechanics, Leakage rate, Viscosity",,extracted
259c46df,2.2 EMM Exams.pdf,EMM 205,FLUID MECHANICS II,KENYATTA UNIVERSITY,2022,1,EXAMINATION,Q3(a),"Show that the loss of head when a pipe undergoes a sudden increase in diameter ($H_L$) is given by
$$H_L = \frac{(V_1 - V_2)^2}{2g}$$
Where $V_1$ = velocity in the small pipe upstream of the enlargement.
$V_2$ = velocity in the larger pipe
$g$ = acceleration due to gravity",8,proof,medium,false,,,"Fluid mechanics, Head loss, Sudden enlargement",,extracted
f774f952,2.2 EMM Exams.pdf,EMM 205,FLUID MECHANICS II,KENYATTA UNIVERSITY,2022,1,EXAMINATION,Q3(b),"A pipe 344mm in diameter carries a discharge of 283 $dm^3/sec$ of water. The pipe enlarges suddenly to 688mm in diameter. The pressure in the smaller pipe is 4.8kN/m²
Calculate:",,calculation,medium,false,,,"Fluid mechanics, Head loss, Sudden enlargement",,extracted
ab6f0403,2.2 EMM Exams.pdf,EMM 205,FLUID MECHANICS II,KENYATTA UNIVERSITY,2022,1,EXAMINATION,Q3(b)(i),Head lost due to enlargement.,4,calculation,medium,false,,,"Fluid mechanics, Head loss, Sudden enlargement",,extracted
2317aba4,2.2 EMM Exams.pdf,EMM 205,FLUID MECHANICS II,KENYATTA UNIVERSITY,2022,1,EXAMINATION,Q3(b)(ii),Pressure at the larger portion.,4,calculation,medium,false,,,"Fluid mechanics, Pressure, Sudden enlargement",,extracted
c3d3821a,2.2 EMM Exams.pdf,EMM 205,FLUID MECHANICS II,KENYATTA UNIVERSITY,2022,1,EXAMINATION,Q3(b)(iii),Power needed to overcome the loss,4,calculation,medium,false,,,"Fluid mechanics, Power loss, Sudden enlargement",,extracted
540d6be2,2.2 EMM Exams.pdf,EMM 205,FLUID MECHANICS II,KENYATTA UNIVERSITY,2022,1,EXAMINATION,Q4,"Water is discharged to the atmosphere through a pipe 40m long. The first 15m of the pipe is 50mm in diameter and then suddenly enlarges to 75mm for the remaining length 25m. Taking into account the losses at entry, due to friction, sudden enlargement and exit, determine head causing flow if the discharge is 0.0028 $m^3/sec$.
Assume: f = 0.005 for the 50mm diameter pipe
f = 0.006 for the 75mm diameter pipe",4,calculation,hard,false,,,"Fluid mechanics, Head loss, Pipe flow",,extracted
29a62fbf,2.2 EMM Exams.pdf,EMM 205,FLUID MECHANICS II,KENYATTA UNIVERSITY,2022,1,EXAMINATION,Q5(a)(i),"What do you understand by the terms:
Dynamic similarity",2,explanation,easy,false,,,"Fluid mechanics, Dynamic similarity",,extracted
00d2fe0c,2.2 EMM Exams.pdf,EMM 205,FLUID MECHANICS II,KENYATTA UNIVERSITY,2022,1,EXAMINATION,Q5(a)(ii),Corresponding speed,2,explanation,easy,false,,,"Fluid mechanics, Corresponding speed",,extracted
a0dea7b5,2.2 EMM Exams.pdf,EMM 205,FLUID MECHANICS II,KENYATTA UNIVERSITY,2022,1,EXAMINATION,Q5(b),"Show that the wave making resistance (R) of a ship's hull may be expressed
$$R = k \nu^2 L^2 f(\frac{v}{\sqrt{gL}})$$
Where $\ell$ = mass density of water
$v$ = velocity in m/sec
$L$ = characteristic length
$g$ = acceleration due to gravity",,proof,medium,false,,,"Fluid mechanics, Wave making resistance, Ship hull",,extracted
3abff68d,2.2 EMM Exams.pdf,EMM 205,FLUID MECHANICS II,KENYATTA UNIVERSITY,2022,1,EXAMINATION,Q5(c),"A ship is to be designed to cruise at 12.5m/sec. At the corresponding speed"" the wave making component of resistance of a model to $\frac{1}{40}$ scale is far to be 16N when tested in fresh water.
Calculate the",,calculation,medium,false,,,"Fluid mechanics, Ship model, Wave making resistance",,extracted
7ef15273,2.2 EMM Exams.pdf,EMM 205,FLUID MECHANICS II,KENYATTA UNIVERSITY,2022,1,EXAMINATION,Q5(c)(i),Model speed,2,calculation,medium,false,,,"Fluid mechanics, Ship model, Model speed",,extracted
bb43befb,2.2 EMM Exams.pdf,EMM 205,FLUID MECHANICS II,KENYATTA UNIVERSITY,2022,1,EXAMINATION,Q5(c)(ii),Wave making resistant of the prototype in sea water with mass density 1025kg/m³.,20,calculation,hard,false,,,"Fluid mechanics, Wave making resistance, Ship prototype",,extracted
d287a9c1,2.2 EMM Exams.pdf,EMM 205,FLUID MECHANICS II,KENYATTA UNIVERSITY,2022,1,EXAMINATION,i,"Using the material selection criteria, explain how you would select the best candidate for use.",10,explanation,medium,false,,,"material selection, engineering design",,extracted
6a3396b0,2.2 EMM Exams.pdf,EMM 205,FLUID MECHANICS II,KENYATTA UNIVERSITY,2022,1,EXAMINATION,ii,Discuss FOUR steps that you would take to avoid product liability,4,explanation,medium,false,,,"product liability, risk management",,extracted
ba0ea0b7,2.2 EMM Exams.pdf,EMM 205,FLUID MECHANICS II,KENYATTA UNIVERSITY,2022,1,EXAMINATION,iii,Discuss FOUR design constraints that you may encounter in this design,6,explanation,medium,false,,,"design constraints, engineering design",,extracted
45248e50,2.2 EMM Exams.pdf,EMM 205,FLUID MECHANICS II,KENYATTA UNIVERSITY,2022,1,EXAMINATION,QUESTION FOUR (a),Engineering design is a highly iterative process. Explain,2,explanation,easy,false,,,"engineering design, iterative design",,extracted
fc377861,2.2 EMM Exams.pdf,EMM 205,FLUID MECHANICS II,KENYATTA UNIVERSITY,2022,1,EXAMINATION,QUESTION FOUR (b),The manufacturability of an engineering product is one of the key design factors that have to be considered early in the design cycle. Discuss FOUR practical steps that you can take to ease the manufacturability of an engineering product,8,explanation,medium,false,,,"design for manufacturability, engineering design",,extracted
b761a61e,2.2 EMM Exams.pdf,EMM 205,FLUID MECHANICS II,KENYATTA UNIVERSITY,2022,1,EXAMINATION,QUESTION FOUR (c),"Noise is a nuisance in design and ought to be eliminated as much as possible. Suppose a part of your design product is making unnecessary noise, what FOUR things would you do to resolve the issue?",4,explanation,medium,false,,,"noise reduction, engineering design",,extracted
395b9ba9,2.2 EMM Exams.pdf,EMM 205,FLUID MECHANICS II,KENYATTA UNIVERSITY,2022,1,EXAMINATION,QUESTION FOUR (d)(i),What is a machine element?,1,explanation,easy,false,,,"machine elements, mechanical engineering",,extracted
59848ef0,2.2 EMM Exams.pdf,EMM 205,FLUID MECHANICS II,KENYATTA UNIVERSITY,2022,1,EXAMINATION,QUESTION FOUR (d)(ii),Differentiate between a clutch and a break,2,explanation,easy,false,,,"clutch, brake, mechanical engineering",,extracted
a6f6cc0d,2.2 EMM Exams.pdf,EMM 205,FLUID MECHANICS II,KENYATTA UNIVERSITY,2022,1,EXAMINATION,QUESTION FOUR (d)(iii),Explain THREE factors that you would consider when selecting a bearing for a given task,3,explanation,medium,false,,,"bearing selection, mechanical engineering",,extracted
5d5f08d1,2.2 EMM Exams.pdf,EMM 205,FLUID MECHANICS II,KENYATTA UNIVERSITY,2022,1,EXAMINATION,QUESTION FIVE (a),Discuss SIX factors that you would consider when determining the optimum factor of safety for an engineering component or product.,6,explanation,medium,false,,,"factor of safety, engineering design",,extracted
abe3e70b,2.2 EMM Exams.pdf,EMM 205,FLUID MECHANICS II,KENYATTA UNIVERSITY,2022,1,EXAMINATION,QUESTION FIVE (b),Discuss how the information about materials used to make engineering design products is generated and stored.,3,explanation,medium,false,,,"material properties, engineering design",,extracted
9535ba78,2.2 EMM Exams.pdf,EMM 205,FLUID MECHANICS II,KENYATTA UNIVERSITY,2022,1,EXAMINATION,QUESTION FIVE (c),Identify any THREE of the biggest issues facing humanity currently that may require an engineering solution and propose possible solutions for each,6,explanation,medium,false,,,"engineering solutions, global challenges",,extracted
49d85415,2.2 EMM Exams.pdf,EMM 205,FLUID MECHANICS II,KENYATTA UNIVERSITY,2022,1,EXAMINATION,QUESTION FIVE (d),Explain FIVE differences between a model and a prototype,5,explanation,medium,false,,,"modeling, prototyping, engineering design",,extracted
6015d5f1,2.2 EMM Exams.pdf,EMM 205,FLUID MECHANICS II,KENYATTA UNIVERSITY,2022,1,EXAMINATION,Question One (a),"As a young engineer involved in product design, describe any FOUR benefits of using CAD to actualize a product of your choice.",4,explanation,medium,false,,,"CAD, product design",,extracted
fe7e4650,2.2 EMM Exams.pdf,EMM 205,FLUID MECHANICS II,KENYATTA UNIVERSITY,2022,1,EXAMINATION,Question One (b)(i),"Explain, with the help of diagrams, the functions of the following tools as used in CAD: Orthomode",3,explanation,medium,false,,,"CAD, Orthomode",,extracted
0367b259,2.2 EMM Exams.pdf,EMM 205,FLUID MECHANICS II,KENYATTA UNIVERSITY,2022,1,EXAMINATION,Question One (b)(ii),"Explain, with the help of diagrams, the functions of the following tools as used in CAD: Trim",3,explanation,medium,false,,,"CAD, Trim",,extracted
b706a319,2.2 EMM Exams.pdf,EMM 205,FLUID MECHANICS II,KENYATTA UNIVERSITY,2022,1,EXAMINATION,Question One (b)(iii),"Explain, with the help of diagrams, the functions of the following tools as used in CAD: Rectangular and polar array",3,explanation,medium,false,,,"CAD, Rectangular array, Polar array",,extracted
10d1637d,2.2 EMM Exams.pdf,EMM 205,FLUID MECHANICS II,KENYATTA UNIVERSITY,2022,1,EXAMINATION,Question One (c),Describe the three Boolean operations commonly used for 3D editing.,3,explanation,medium,false,,,"Boolean operations, 3D editing",,extracted
a6548e72,2.2 EMM Exams.pdf,EMM 205,FLUID MECHANICS II,KENYATTA UNIVERSITY,2022,1,EXAMINATION,Question One (d),Figure 1 shows the isometric projection of a machine bracket. Using AutoCAD:,7,sketch,medium,true,dataset/diagrams/2_2_EMM_Exams_pdf_Question_One__d__a6548e72.jpg,Isometric projection of a machine bracket,"AutoCAD, isometric projection",,extracted
2632071e,2.2 EMM Exams.pdf,EMM 205,FLUID MECHANICS II,KENYATTA UNIVERSITY,2022,1,EXAMINATION,Question One (d)(i),Redraw the isometric projection.,7,sketch,medium,false,,,"AutoCAD, isometric projection",,extracted
931292a8,2.2 EMM Exams.pdf,EMM 205,FLUID MECHANICS II,KENYATTA UNIVERSITY,2022,1,EXAMINATION,Question One (d)(ii),"Draw three orthographic views (Front, Top and Right) and show all the principle dimensions.",11,sketch,hard,false,,,"AutoCAD, orthographic views",,extracted
7fe07210,2.2 EMM Exams.pdf,EMM 205,FLUID MECHANICS II,KENYATTA UNIVERSITY,2022,1,EXAMINATION,Question One (d)(iii),Use layers to group lines according to functions.,2,explanation,easy,false,,,"AutoCAD, layers",,extracted
5316662b,2.2 EMM Exams.pdf,EMM 205,FLUID MECHANICS II,KENYATTA UNIVERSITY,2022,1,EXAMINATION,Question two,"Figure 2 shows the isometric projection of a machine bracket. Using AutoCAD:
Include a suitable title block Using text command input your credentials in the workspace",3,other,easy,true,dataset/diagrams/2_2_EMM_Exams_pdf_Question_two_5316662b.jpg,Isometric projection of a machine bracket,"AutoCAD, title block",,extracted
db46a893,2.2 EMM Exams.pdf,EMM 205,FLUID MECHANICS II,KENYATTA UNIVERSITY,2022,1,EXAMINATION,Question three,"Figure 3 shows a 3D image, using AUTOCAD:
Include a suitable title block Using the text command input your credentials in the workspace",3,other,easy,true,dataset/diagrams/2_2_EMM_Exams_pdf_Question_three_db46a893.jpg,3D image,"AutoCAD, title block",,extracted
8f747591,2.2 EMM Exams.pdf,EMM 205,FLUID MECHANICS II,KENYATTA UNIVERSITY,2022,1,EXAMINATION,Question four,"Figure 4 shows a 3D image, using AUTOCAD:
Include a suitable title block Using the text command input your credentials in the workspace",3,other,easy,true,dataset/diagrams/2_2_EMM_Exams_pdf_Question_four_8f747591.jpg,3D image,"AutoCAD, title block",,extracted
80db04fa,2.2 EMM Exams.pdf,EMM 205,FLUID MECHANICS II,KENYATTA UNIVERSITY,2022,1,EXAMINATION,Question five,"Figure 5 shows a 3D image, using AUTOCAD:
Include a suitable title block Using the text command input your credentials in the workspace",3,other,easy,true,dataset/diagrams/2_2_EMM_Exams_pdf_Question_five_80db04fa.jpg,3D image,"AutoCAD, title block",,extracted
91ac2574,2.2 EMM Exams.pdf,EMM 205,FLUID MECHANICS II,KENYATTA UNIVERSITY,2022,1,EXAMINATION,Q1,See the diagram to show the dimension of an object.,,other,easy,true,dataset/diagrams/2_2_EMM_Exams_pdf_Q1_91ac2574.jpg,Dimension of an object,,,extracted
f9cd8eb0,20210225_075638.jpg,EEE 208,ELECTRICAL MEASUREMENTS,KENYATTA UNIVERSITY,2019/2020,2,End of Semester,Q1(a),"Briefly explain the following classification of standards as used in measurements.
i. International standard
ii. Primary standard
iii. Secondary standard
iv. Working standard",6,explanation,easy,false,,,"Measurement Standards, International Standard, Primary Standard, Secondary Standard, Working Standard",,extracted
a94e5037,20210225_075638.jpg,EEE 208,ELECTRICAL MEASUREMENTS,KENYATTA UNIVERSITY,2019/2020,2,End of Semester,Q1(b),What are the merits and demerits of the digital measuring system over analogue measuring system?,5,explanation,medium,false,,,"Digital Measurement, Analogue Measurement, Instrumentation",,extracted
e8a38a80,20210225_075638.jpg,EEE 208,ELECTRICAL MEASUREMENTS,KENYATTA UNIVERSITY,2019/2020,2,End of Semester,Q1(c),A resistor has a nominal value of $200 \Omega \pm 1\%$. A voltage is applied and the power consumed is calculated using the expression $P = E^2/R$. Calculate the percentage expected uncertainty in measurement of power when the measured value of $E = 150V \pm 1\%$,5,calculation,medium,false,,,"Uncertainty Analysis, Power Measurement, Electrical Resistance, Error Propagation",,extracted
deb0a384,20210225_075638.jpg,EEE 208,ELECTRICAL MEASUREMENTS,KENYATTA UNIVERSITY,2019/2020,2,End of Semester,Q1(d),"Describe with clear schematic diagrams, how high voltage and currents are measured with the help of instrument transformers.",7,explanation,medium,true,,Schematic diagrams of high voltage and current measurement circuits using instrument transformers.,"Instrument Transformers, High Voltage Measurement, Current Measurement, Schematic Diagram",,extracted
4751c8c6,20210225_075638.jpg,EEE 208,ELECTRICAL MEASUREMENTS,KENYATTA UNIVERSITY,2019/2020,2,End of Semester,Q1(e),"The four arms of a Wheatstone bridge are as follows: $AB = 2000 \Omega$, $BC = 20000 \Omega$, $CD = 6000 \Omega$, $DA = 3000 \Omega$. A galvanometer with internal resistance of $200 \Omega$ and sensitivity of 10mm/mA is connected between AC, while a battery of $10V$ dc is connected between BD. Calculate the current through the galvanometer and its deflection if the resistance of arm DA is changed from $3000 \Omega$ to $3050 \Omega$.",7,calculation,medium,false,,,"Wheatstone Bridge, Galvanometer, Circuit Analysis",,extracted
5fbe4f8e,20210225_075649.jpg,,,,,,Other,Q2(a),Briefly explain scenarios where measurement instruments need calibration,6,explanation,medium,false,,,"measurement instruments, calibration",,extracted
02afc50f,20210225_075649.jpg,,,,,,Other,Q2(b),"A voltmeter having a sensitivity of 1000$\,\Omega$/V reads 100V on its 150V scale when connected across an unknown resistor in series with a milliammeter. When the milliammeter reads 5mA, calculate:
i.  the apparent resistance of the unknown resistor
ii. actual resistance of the unknown resistor
iii. Error due to the loading effect of the voltmeter",6,calculation,medium,false,,,"voltmeter, resistance measurement, loading effect",,extracted
52cee303,20210225_075649.jpg,,,,,,Other,Q2(c),"A moving-coil instrument gives the full-scale deflection of 10 mA when the potential difference across its terminals is 100 mV. Calculate
i.  the shunt resistance for a full-scale deflection corresponding to 100 A
ii. the series resistance for full scale reading with 1000 V.
Calculate the power dissipation in each case.",8,calculation,medium,false,,,"moving-coil instrument, shunt resistance, series resistance, power dissipation",,extracted
328f470a,20210225_075649.jpg,,,,,,Other,Q3(a),"What is an electrical transducer? Briefly explain, with the help of a diagram, the operation of capacitive transducer.",8,explanation,medium,true,,Capacitive transducer diagram,"electrical transducer, capacitive transducer",,extracted
4a47d266,20210225_075649.jpg,,,,,,Other,Q3(b),"The four arms of a Maxwell's inductance-capacitance bridge at balance are Arm $AB$: A choke coil $L_1$ with an equivalent series resistance $R_1$, Arm $BC$: A non-inductive resistance of 600 $\Omega$, Arm $CD$: A mica capacitor of 0.25 $\mu$F in parallel with a non-inductive resistance of 600 $\Omega$, Arm $DA$: A non-inductive resistance 600 $\Omega$. Supply is given between terminals $A$ and $C$ and, the detector is connected between nodes $B$ and $D$. Derive the equations for balance of the bridge and hence determine values of $L_1$ and $R_1$.",12,derivation,hard,false,,,"Maxwell bridge, inductance measurement, capacitance measurement, bridge balance",,extracted
6d900051,20210225_075649.jpg,,,,,,Other,Q4(a),"With the aid of a well labelled diagram, explain the elements of a measurement system.",8,explanation,medium,true,,measurement system diagram,"measurement system, instrumentation",,extracted
beb6756e,20210225_075649.jpg,,,,,,Other,Q4(b),"Three similar coils, each having a resistance of 5.0$\Omega$ and an inductive reactance of 4.15$\Omega$ are connected in (i) star and (ii) delta across a 415V, 3-phase supply. Calculate for each connection the readings on each of two watt-meters connected to measure the power by the two-wattmeter method.",12,calculation,hard,false,,,"3-phase power, two-wattmeter method, star connection, delta connection",,extracted
6b59001b,20210225_075654.jpg,,,,,,Other,Question FIVE (a),What are instrumental errors? Explain any three causes of instrumental errors.,6,explanation,medium,false,,,"instrumentation, error analysis",,extracted
a7f44549,20210225_075654.jpg,,,,,,Other,Question FIVE (b),"A current transformer has two turns on the primary winding and a secondary winding of 260 turns. The secondary winding is connected to an ammeter with a resistance of $0.2 \Omega$. The resistance of the secondary winding is $0.3 \Omega$. If the current in the primary winding is 650A, determine:
i. the reading on the ammeter,
ii. the potential difference across the ammeter,
iii. the total load in VA on the secondary.",6,calculation,medium,false,,,"transformers, current transformers, circuit analysis",,extracted
4bde3fff,20210225_075654.jpg,,,,,,Other,Question FIVE (c),"What are instrumental errors? Explain any three causes of instrumental errors. Two incandescent lamps with $80 \Omega$ and $120 \Omega$ resistances are connected in series with a 200 V dc source. Calculate the actual power consumed by $80 \Omega$ lamp using a voltmeter with internal resistance of $100 k\Omega$ and an ammeter with internal resistance of $0.1 m\Omega$, when
i. the voltmeter is connected nearer to the lamp than the ammeter
ii. the ammeter is connected nearer to the lamp than the voltmeter",8,calculation,medium,false,,,"measurement errors, loading effects, circuit analysis, power calculation",,extracted
32b0af8c,20210225_075703.jpg,EEE 210,AUTOCAD,KENYATTA UNIVERSITY,2019/2020,2,End of Semester,1,f) Describe object snap and explain its functions?,5,explanation,easy,false,,,,,extracted
97d3a039,20210225_075703.jpg,EEE 210,AUTOCAD,KENYATTA UNIVERSITY,2019/2020,2,End of Semester,2,"c) Describe how you can draw a circle of radius 500mm and mirror it, retain the original circle?",5,explanation,medium,false,,,,,extracted
5f2da74c,20210225_075703.jpg,EEE 210,AUTOCAD,KENYATTA UNIVERSITY,2019/2020,2,End of Semester,3,"c) Explain the steps, commands and shapes you would use to draw the following object, create a copy and rotate the copy through 90 degrees then print the drawing on an A3 paper on a scale of 1:50?",10,explanation,hard,false,,,,,extracted
b59391f1,20210225_075713.jpg,,,,,,Other,4(a),Describe what a layer is in AutoCAD and highlight the importance of using layers,5,explanation,easy,false,,,"AutoCAD, layers",,extracted
7fdd4228,20210225_075713.jpg,,,,,,Other,4(b),Describe Layer freezing and explain its importance. Highlight whether it is possible to freeze the current layer.,5,explanation,medium,false,,,"AutoCAD, layers, freezing",,extracted
fc12c36e,20210225_075713.jpg,,,,,,Other,4(c),Describe Locking layers and give an example?,5,explanation,easy,false,,,"AutoCAD, layers, locking",,extracted
a8642d51,20210225_075713.jpg,,,,,,Other,4(d),"Explain what the following shortcut keys achieve in AutoCAD?
i) B+ enter:
ii) Z+enterA+enter:
iii) Ctrl+c:
iv) Ctrl+v:
v) X+enter:",5,explanation,medium,false,,,"AutoCAD, shortcuts",,extracted
fd2f2d9f,20210225_075713.jpg,,,,,,Other,5(a),Explain the steps you would take in placing smoke detectors in a rectangular room. Each heat detector covers an area of 100m².,5,explanation,medium,false,,,"HVAC, smoke detectors, layout",,extracted
92726ffa,20210225_075713.jpg,,,,,,Other,5(b),Describe the steps you would take to symmetrically place 6 lights in a rectangular room and state how to measure the distance between the light fittings?,10,explanation,hard,false,,,"lighting, layout, symmetry",,extracted
d9cffca4,20210225_075713.jpg,,,,,,Other,5(c),"Describe the process of drawing a rectangle and scaling it by a factor of 2, and then rotate it through 90 degrees?",5,explanation,medium,false,,,"geometric transformations, scaling, rotation",,extracted
648d1586,20210225_075721.jpg,EEE 209,FLUID MECHANICS,KENYATTA UNIVERSITY,2019/2020,2,End of Semester,Q1,QUESTION ONE (Compulsory) - 30 marks,30,other,medium,false,,,,,extracted
5d0f34f2,20210225_075721.jpg,EEE 209,FLUID MECHANICS,KENYATTA UNIVERSITY,2019/2020,2,End of Semester,Q1(a),"Define the following terms:
i. Manometer
ii. Compressibility
iii. Coefficient of kinematic viscosity
iv. Vena contract a
v. Gauge pressure",5,explanation,easy,false,,,"fluid mechanics, manometer, compressibility, kinematic viscosity, vena contract, gauge pressure",,extracted
22609e7c,20210225_075721.jpg,EEE 209,FLUID MECHANICS,KENYATTA UNIVERSITY,2019/2020,2,End of Semester,Q1(b),"Distinguish between:
i. Laminar and turbulent flow
ii. Centre of pressure and centre of area
iii. Impulse and Reaction Turbines
iv. Turbines and Pumps Fans etc
v. Small and large orifices",10,explanation,medium,false,,,"fluid mechanics, laminar flow, turbulent flow, centre of pressure, impulse turbines, reaction turbines, pumps, fans, orifices",,extracted
88f5b2db,20210225_075732.jpg,,,,,,Other,c) i),The Kinematic viscosity of benzene is $7.45 \times 10^{-7} \frac{m^2}{sec}$. Its mass density is 850kg/m³. Calculate its coefficient of dynamic viscosity in $\frac{kg}{m.sec}$,2,calculation,easy,false,,,"fluid mechanics, dynamic viscosity, kinematic viscosity",,extracted
e843d1ed,20210225_075732.jpg,,,,,,Other,ii),Benzene is flowing through a horizontal 25mm diameter pipe at a velocity of 4.0m/se. Calculate the Reynolds number of flow at this velocity?,2,calculation,easy,false,,,"fluid mechanics, Reynolds number, pipe flow",,extracted
655a2c7e,20210225_075732.jpg,,,,,,Other,d),Show that water is practically incompressible compared to air,4,explanation,medium,false,,,"fluid mechanics, compressibility, water, air",,extracted
1ecc003b,20210225_075732.jpg,,,,,,Other,e),"Assuming that the atmospheric pressure is $101.3 \times 10^3 N/m^2$ find the absolute pressure at X in Fig 1 when:
i. Fluid A is water, Fluid B is mercury, (specific gravity 13.6), a = 1.0m, h=0.4
ii. Fluid A is oil (specific gravity 0.82) fluid B is brine (specific gravity 1.10) and a=0.2m h=0.55m.",3,calculation,medium,true,dataset/diagrams/20210225_075732_jpg_e__1ecc003b.jpg,U-tube manometer with two different fluids.,"fluid mechanics, pressure measurement, manometer",,extracted
6b84a3a6,20210225_075732.jpg,,,,,,Other,a),A plane surface area $Am^2$ is totally immersed in a liquid of specific weight N/m³. The surface is inclined at an angle $\theta$ of the horizontal and its centroid is at a vertical depth $\overline{y}$ m below the free surface. Devine an expression for the:,,derivation,medium,false,,,"fluid mechanics, hydrostatic force, inclined surface",,extracted
de5aafa7,20210225_075732.jpg,,,,,,Other,i.,Calculate the total force acting an one side of the plate.,4,calculation,medium,false,,,"fluid mechanics, hydrostatic force, inclined surface",,extracted
a85efe03,20210225_075732.jpg,,,,,,Other,ii.,Vertical depth below the free surface of the centre of pressure.,6,derivation,medium,false,,,"fluid mechanics, centre of pressure, inclined surface",,extracted
de9c4fe4,20210225_075732.jpg,,,,,,Other,b),A rectangular plate 1.8m long and 0.9m wide is completely immersed in water while inclined at 60° to the horizontal. The 0.9m width is parallel to the surface and is at a depth of 0.75 m vertically below the surface,,calculation,medium,false,,,"fluid mechanics, hydrostatic force, inclined surface",,extracted
26ad9f37,20210225_075739.jpg,,,,,,Other,ii.,depth of the centre of pressure vertically below the free surface.,8,other,medium,false,,,,,extracted
8adfb8dc,20210225_075739.jpg,,,,,,Other,Q3(a),Derive Bernoulli's equation for the flow of an incompussible frictionless fluid from consideration of momentum.,12,derivation,medium,false,,,Bernoulli's equation,,extracted
fb10a6f3,20210225_075739.jpg,,,,,,Other,Q3(b),The difference of head registered in the two limbs of a mercury gauge with water above the mercury of a venturimeter is 175mm. The diameter of the pipe and that of the meter are 150mm and 75mm respectively. The coefficient of discharge of the metre is 0.97. Calculate the discharge through the meter.,8,calculation,medium,false,,,"Venturimeter, discharge",,extracted
5eadd4eb,20210225_075739.jpg,,,,,,Other,Q4(a),"Working from first principles, explaining the meaning of all symbols used and stating the assumptions made, derive and expression for discharge of a liquid over a trapezontal notch.",10,derivation,hard,false,,,"Trapezoidal notch, discharge",,extracted
310b067c,20210225_075739.jpg,,,,,,Other,Q4(b),"In an experiment on a 90° - V notch the flow is collected in a 0.9m diameter, vertical cylindrical tank. It is found that the depth of water increases by 0.685m in 16.8 seconds when the head over the notch is 0.2m. Determine the coefficient of discharge of the notch",10,calculation,hard,false,,,"V notch, discharge",,extracted
1e6797c1,20210225_075739.jpg,,,,,,Other,Q5(a),Concisely describe the physical structure and the mode of operation of a pelton wheel.,8,explanation,medium,false,,,Pelton wheel,,extracted
6cf4ef40,20210225_075739.jpg,,,,,,Other,Q5(b),"The sprouting velocity of the jet driving the pelton wheel is 57m/second. The wheel has a diameter of 1.0m rotating at N rpm. The relative velocity at exit from the budget is 0.85 times that at entry and this relative velocity is deflected through 165°. The diameter of the nozzle is 50mm and for the nozzle is assumed to be 1
Calculate the:",,calculation,hard,false,,,"Pelton wheel, turbine",,extracted
a89bdf28,20210225_075739.jpg,,,,,,Other,Q5(b)(i),Speed of the wheel N in rpm.,3,calculation,medium,false,,,"Pelton wheel, speed",,extracted
a60ce78e,20210225_075739.jpg,,,,,,Other,Q5(b)(ii),Power output of the turbine.,3,calculation,medium,false,,,"Pelton wheel, power",,extracted
f94eff22,20210225_075739.jpg,,,,,,Other,Q5(b)(iii),Hydraulic efficiency of the wheel.,3,calculation,medium,false,,,"Pelton wheel, hydraulic efficiency",,extracted
4de77fa4,20210225_075749.jpg,EEE 207,DATABASE SYSTEMS,KENYATTA UNIVERSITY,2021,2,End of Semester,Q1,"a. Differentiate five unique characteristics of SQL over NonSQL Databases (6 marks)
b. Discuss a Spatial Database and how does the data schema and storage differs from standard SQL?
(2 marks)
a. Discus briefly the following SQL data type stating its practical use and limits
i. Varchar
(2 marks)
ii. Int
(2 marks)
iii. Blob
(2 marks)
b. Using Relational algebra notations give example of the following using appropriate data objects.
i. Select
(2 marks)
ii. Project
(2 marks)
iii. Cross Product
(2 marks)
c. Data exchange are important activities in database system, explain with examplesANY TWO ofthe following formats CSV, JSON and XML and give example how they are typically used
(4 marks)
d. The following is a diagram of database architecture, write short notes of the role of each the items in the query processing tier.
(6 marks)",,explanation,medium,false,,,"database systems, SQL, NonSQL, Spatial databases, Data types, Relational algebra, Data exchange, Database architecture",,extracted
f35bd424,20210225_075759.jpg,,,,,,Other,Q2,The relations in Table lare used to develop a Vehicle Management System for a bus company. Use it to answer the following questions.,,other,easy,true,dataset/diagrams/20210225_075759_jpg_Q2_f35bd424.jpg,Typical SQL Database architecture,"SQL, Database Management System",,extracted
7be1cc25,20210225_075759.jpg,,,,,,Other,Q2(i),"Identify two relations which are likely to have a one-to-many relationship and tabulate the attributes name, domainattributes, Primary key and foreign keys and check constraints.",4,explanation,medium,false,,,"SQL, Database design, One-to-many relationship",,extracted
0e58907f,20210225_075759.jpg,,,,,,Other,Q2(ii),Write an SQL Query that lists the travellers who travelled in a certain bus on a certain day,4,calculation,medium,false,,,"SQL, Query, Database",,extracted
529337d8,20210225_075759.jpg,,,,,,Other,Q2(iii),Write an SQL Query that list how many times a vehicle in started and switched off duringa trip,4,calculation,medium,false,,,"SQL, Query, Database",,extracted
216381e8,20210225_075808.jpg,,,,,,Other,b,"Using SQL syntax, construct a table view using a combination or an aggregation of items in Table 1 and show syntax of how it is used",6,other,medium,false,,,"SQL, database",,extracted
a6298d8c,20210225_075808.jpg,,,,,,Other,c,"What is the primary purpose of ANY ONE of the following, explain using an example:
i. Insert trigger
ii. Update trigger
ⅲ. Delete trigger",2,explanation,easy,false,,,"database, trigger",,extracted
344d5bc4,20210225_075808.jpg,,,,,,Other,i,B+-Tree,4,other,medium,false,,,database,,extracted
32757311,20210225_075808.jpg,,,,,,Other,ii,Update trigger,2,explanation,easy,false,,,"database, trigger",,extracted
129861f4,20210225_075808.jpg,,,,,,Other,ⅲ,Delete trigger,2,explanation,easy,false,,,"database, trigger",,extracted
d7f277d4,20210225_075808.jpg,,,,,,Other,Q3(a),"Figure 2 shows a plane ticket for a traveller. Answer the following questions.
i. Identify the various data attributes, their likely constraints, primary keys, foreign indexes if any in the above ticket by completing one table with the sample data from the ticket shown.",4,explanation,medium,false,,,"database, constraints, primary keys",,extracted
c38b1808,20210225_075808.jpg,,,,,,Other,Q3(a)(ii),Perform a first normal form (INF)on the data and complete the respective relations.,4,calculation,medium,false,,,"database, normalization",,extracted
82609da4,20210225_075808.jpg,,,,,,Other,Q3(a)(iii),Perform a second normal form (3NF) on the data and complete respective relations.,4,calculation,medium,false,,,"database, normalization",,extracted
452143a0,20210225_075808.jpg,,,,,,Other,Q3(b),"From the (3NF) identified above
i. Draw an entity diagram showing the cardinal relationship identifying any primary and foreign keys.
ii. Write English statements describing the cardinal relationship between the various relations between two entities in item (i) of this question.",4,sketch,medium,false,,,"database, ER diagram",,extracted
9ef9077b,20210225_075808.jpg,,,,,,Other,Q3(b)(i),Draw an entity diagram showing the cardinal relationship identifying any primary and foreign keys.,4,sketch,medium,false,,,"database, ER diagram",,extracted
27f31e29,20210225_075808.jpg,,,,,,Other,Q3(b)(ii),Write English statements describing the cardinal relationship between the various relations between two entities in item (i) of this question.,4,explanation,medium,false,,,"database, ER diagram",,extracted
40e9199c,20210225_075808.jpg,,,,,,Other,Q4(a),Discuss the importance of Indices in database systems.,2,explanation,easy,false,,,"database, indices",,extracted
f5004bc8,20210225_075808.jpg,,,,,,Other,Q4(b),"Enumerating three key types of indexes and how they perform during an insert, delete, update and select operation.",6,explanation,medium,false,,,"database, indices",,extracted
c7b7607d,20210225_075808.jpg,,,,,,Other,Q4(d),"Discuss the working of the following type of index using a diagram to explain the structure
i. B+-Tree",4,explanation,medium,true,,B+-Tree structure,"database, indices, B+-Tree",,extracted
3d5939d7,20210225_075820.jpg,,,,,,Other,e,Use the formula $log_{b/2}(K)$ to calculate the maximum date access time of the B+ tree assuming a disk access time of 20milliseconds(ms) and RAM access time of 40 nanoseconds(ns) and a data read block size of 49kbytes,6,calculation,medium,false,,,,,extracted
4b9a1daa,20210225_075820.jpg,,,,,,Other,f,Describe a Hash function as used in a Hash index using an example,2,explanation,easy,false,,,,,extracted
85d403d1,20210225_075820.jpg,,,,,,Other,Q5.a,The ACID principles are important in determining the suitability of databases for a particular purpose. Discuss how they support areports application used to maintain the operations of an game ticketing system,6,explanation,medium,false,,,,,extracted
6e04d689,20210225_075820.jpg,,,,,,Other,b,"Discuss the purpose of the Commit statement in SQL, and discuss what happens under at least two scenarios and what benefit it provides",4,explanation,medium,false,,,,,extracted
8273c534,20210225_075820.jpg,,,,,,Other,c,Using a diagram discuss SQL database recovery works in the event of a power loss,4,explanation,medium,true,,SQL database recovery,"SQL, Database recovery",,extracted
cd406229,20210225_075820.jpg,,,,,,Other,d,Data Exchange methods are important in managing data create a JSON or XML data format for exchanging the electronic ticket shown in Figure 2,6,explanation,medium,true,,Air Ticket,"Data Exchange, JSON, XML",,extracted
75d9e187,20210225_075837.jpg,EEE 204,CIRCUIT ANALYSIS II,KENYATTA UNIVERSITY,2019/2020,2,SECOND SEMESTER EXAMINATION,Q1(a)(i),"Describe the following:
Electromagnetic induction.",3,explanation,easy,false,,,Electromagnetic induction,,extracted
c45a8d12,20210225_075837.jpg,EEE 204,CIRCUIT ANALYSIS II,KENYATTA UNIVERSITY,2019/2020,2,SECOND SEMESTER EXAMINATION,Q1(a)(ii),"Describe the following:
Direction of induced EMF and current.",3,explanation,easy,false,,,"EMF, Induced current",,extracted
8a503e48,20210225_075837.jpg,EEE 204,CIRCUIT ANALYSIS II,KENYATTA UNIVERSITY,2019/2020,2,SECOND SEMESTER EXAMINATION,Q1(a)(iii),"Describe the following:
The difference between a statically induced EMF and a dynamically induced EMF.",2,explanation,easy,false,,,"EMF, Static EMF, Dynamic EMF",,extracted
e0899f77,20210225_075837.jpg,EEE 204,CIRCUIT ANALYSIS II,KENYATTA UNIVERSITY,2019/2020,2,SECOND SEMESTER EXAMINATION,Q1(a)(iv),"Describe the following:
The delay of current in an inductive circuit.",3,explanation,easy,false,,,"Inductive circuit, Current delay",,extracted
e5c7f233,20210225_075837.jpg,EEE 204,CIRCUIT ANALYSIS II,KENYATTA UNIVERSITY,2019/2020,2,SECOND SEMESTER EXAMINATION,Q1(a)(v),"Describe the following:
Hysteresis loss and mention the factors it depends on.",3,explanation,easy,false,,,Hysteresis loss,,extracted
8b5dcd52,20210225_075837.jpg,EEE 204,CIRCUIT ANALYSIS II,KENYATTA UNIVERSITY,2019/2020,2,SECOND SEMESTER EXAMINATION,Q1(b)(i),What is the purpose of an air-gap in an electrical machine?,2,explanation,easy,false,,,"Air gap, Electrical machine",,extracted
23d2594a,20210225_075837.jpg,EEE 204,CIRCUIT ANALYSIS II,KENYATTA UNIVERSITY,2019/2020,2,SECOND SEMESTER EXAMINATION,Q1(b)(ii),How can inductance of a coil be reduced?,2,explanation,easy,false,,,"Inductance, Coil",,extracted
5c40ab1e,20210225_075837.jpg,EEE 204,CIRCUIT ANALYSIS II,KENYATTA UNIVERSITY,2019/2020,2,SECOND SEMESTER EXAMINATION,Q1(b)(iii),The coefficient of a coupling between two coils is 0.6. What does this mean?,3,explanation,easy,false,,,"Coupling coefficient, Inductance",,extracted
a2a406ab,20210225_075837.jpg,EEE 204,CIRCUIT ANALYSIS II,KENYATTA UNIVERSITY,2019/2020,2,SECOND SEMESTER EXAMINATION,Q1(b)(iv),What is the significance of Time constant of an R-L series circuit?,3,explanation,easy,false,,,"Time constant, RL circuit",,extracted
b5aa2211,20210225_075837.jpg,EEE 204,CIRCUIT ANALYSIS II,KENYATTA UNIVERSITY,2019/2020,2,SECOND SEMESTER EXAMINATION,Q1(b)(v),Derive the mathematical relations of Faraday's Laws of Electromagnetic induction.,3,derivation,easy,false,,,"Faraday's Law, Electromagnetic induction",,extracted
81e0e1ba,20210225_075844.jpg,,,,,,Other,Q1(c),"Two coils of self-inductances $15H$ and $20H$ are connected in parallel. If the mutual inductance between the coils is $8H$. Find the total inductance of the circuit when:
i. The mutual fluxes aid each other.
ii. The mutual fluxes opposite each other.",3,calculation,medium,false,,,"inductance, mutual inductance, coils",,extracted
b5e91241,20210225_075844.jpg,,,,,,Other,Q2(a),"(iii) Explain the resonance curve,",3,explanation,medium,false,,,resonance curve,,extracted
8957f68b,20210225_075844.jpg,,,,,,Other,Q2(b),"$1200\Omega$ resistor, a $0.7H$ coil and a $0.001 \mu F$ capacitor are in series across a $120V$ source. Determine;
(iii) The Q factor of the circuit at resonance.",2,calculation,medium,false,,,"Q factor, resonance",,extracted
9ce8a15a,20210225_075844.jpg,,,,,,Other,Q2(c),"A coil of resistance $100\Omega$ and inductance $100\mu H$ is connected in series with a $100pF$ capacitor. The circuit is connected to a $10V$ variable frequency supply, Calculate;
(iv) Q-factor of the circuit.",2,calculation,medium,false,,,Q factor,,extracted
9938f29f,20210225_075844.jpg,,,,,,Other,Q3(a),(iii) Explain why power is generated and transmitted using sinusoidal waves.,2,explanation,medium,false,,,"power generation, sinusoidal waves",,extracted
67e03652,20210225_075844.jpg,,,,,,Other,Q3(b),"Explain briefly;
(iii) When it is appropriate to use star/delta transformation.",2,explanation,medium,false,,,star delta transformation,,extracted
166858aa,20210225_075921.jpg,,,,,,Other,c,"A coil of resistance $100\Omega$ and inductance 0.15H is connected to a 250V, 50Hz supply. Calculate the capacitance to be connected in parallel with the coil, so that overall p.f. is unity. Find also the supply current.",5,calculation,medium,false,,,"AC Circuits, Power Factor Correction, Parallel Circuits",,extracted
8b5d2b1f,20210225_075921.jpg,,,,,,Other,QUESTION FOUR:,,,,,false,,,,,extracted
2208327d,20210225_075921.jpg,,,,,,Other,Q4(a),(iv) What is the equivalent of permeance in an electric circuit?,2,explanation,easy,false,,,"Magnetic Circuits, Electric Circuits, Permeance, Reluctance",,extracted
97b5b7c6,20210225_075921.jpg,,,,,,Other,Q4(b),A flux density of $1.2w/b^2$ is required in a 2mm air gap of an electromagnetic having an iron path of 1m long. Calculate the mmf required assuming relative permeability of iron as 1500. Neglect leakage.,4,calculation,medium,false,,,"Magnetomotive Force, Magnetic Circuits, Air Gap, Relative Permeability",,extracted
1d1217bb,20210225_075921.jpg,,,,,,Other,Q4(c),An iron ring of a cross-sectional area $6cm^2$ is wound with a wire of 100 turns and has a saw cut of 2mm. Calculate the magnetizing current required to produce a flux of 0.1mWb if mean length of magnetic path is 30cm and relative permeability of iron is 470.,5,calculation,medium,false,,,"Magnetic Circuits, Magnetizing Current, Air Gap, Relative Permeability",,extracted
f6642867,20210225_075921.jpg,,,,,,Other,QUESTION FIVE:,,,,,false,,,,,extracted
6c2dde19,20210225_075921.jpg,,,,,,Other,Q5(a),(v) How P space is used in circuit analysis.,2,explanation,easy,false,,,"State Space Analysis, Circuit Analysis, Control Systems",,extracted
88b59911,20210225_075921.jpg,,,,,,Other,Q5(b),"A 3 phase 415V, 50Hz ac supply is feeding a 3 phase delta-connected load with each phase having a resistance of $25\Omega$ and an inductance of 0.15H and a capacitance of $120\mu F$ in series.
Find (iii) Apparent power",2,calculation,medium,false,,,"Three-Phase Circuits, Delta Connection, Apparent Power, AC Circuits",,extracted
57b53b19,20210225_075929.jpg,EEE 206,ELECTRICAL MACHINES I,KENYATTA UNIVERSITY,2021,2,SECOND SEMESTER EXAMINATION,Q1(a),Derive the expression of reluctance of a magnetic circuit (5) of a coil in terms of its dimensions and properties of the medium.,5,derivation,medium,false,,,"magnetic circuits, reluctance, coil",,extracted
58f58cad,20210225_075929.jpg,EEE 206,ELECTRICAL MACHINES I,KENYATTA UNIVERSITY,2021,2,SECOND SEMESTER EXAMINATION,Q1(b),"Explain the following terms as applied to dc machine armature winding:
i. Coil pitch
ii. Pole pitch
iii. Commutator pitch.",5,explanation,medium,false,,,"DC machines, armature winding, coil pitch, pole pitch, commutator pitch",,extracted
fa623513,20210225_075929.jpg,EEE 206,ELECTRICAL MACHINES I,KENYATTA UNIVERSITY,2021,2,SECOND SEMESTER EXAMINATION,Q1(c),Two transformers X and Y are connected in parallel to supply a load of impedance $(2+j1.5)$ ohms. The equivalent impedances referred to secondary windings are $(0.15+j0.5)$ ohm for X and $(0.1+j0.6)$ ohm for Y. The open circuit emf for X is 207 volts and for Y is 205 volts. Determine current delivered by each transformer.,6,calculation,medium,false,,,"transformers, parallel operation, impedance, current, EMF",,extracted
01db281a,20210225_075929.jpg,EEE 206,ELECTRICAL MACHINES I,KENYATTA UNIVERSITY,2021,2,SECOND SEMESTER EXAMINATION,Q1(d),"A 200 volts de shunt motor has armature resistance of 0.2 ohms and it takes an armature current of 40 amperes and runs at 800rpm. If the flux of the motor is reduced by 20% without changing the load torque, find the new speed of the motor.",6,calculation,medium,false,,,"DC shunt motor, armature resistance, armature current, speed, flux, torque",,extracted
a62838a0,20210225_075929.jpg,EEE 206,ELECTRICAL MACHINES I,KENYATTA UNIVERSITY,2021,2,SECOND SEMESTER EXAMINATION,Q1(e),Fig.1 is a magnetic circuit with three parts and an air gap. The central limb is wound with 500 turns and following are specifications for the various parts:,5,other,medium,true,,Magnetic circuit with three parts and an air gap.,"magnetic circuits, air gap, turns",,extracted
7eafd77c,20210225_075938.jpg,,,,,,Other,i.,Total reluctance of the circuit.,,calculation,medium,false,,,,,extracted
64098043,20210225_075938.jpg,,,,,,Other,ii.,Determine magneto motive force required to set up a flux of $0.1 mWb$ in the limb with the coil.,8,calculation,medium,true,dataset/diagrams/20210225_075938_jpg_ii__64098043.jpg,,,,extracted
9a73f6fb,20210225_075938.jpg,,,,,,Other,Q2(a),"With aid of a well labelled diagram, describe Ward Leonard method of speed control",5,explanation,medium,false,,,"Ward Leonard, speed control",,extracted
4c36bce1,20210225_075938.jpg,,,,,,Other,Q2(b),"A four pole wave wound dc machine has thirteen armature slots and two conductors per slot
i. Develop the winding table
ii. Prepare the development diagram
iii. Determine the number of parallel paths
iv. Indicate the position of the brushes.",10,other,hard,false,,,"DC machine, armature winding",,extracted
9ed78d73,20210225_075938.jpg,,,,,,Other,Q2(c),Derive the expression of total induced voltage in the secondary winding of the transformer.,5,derivation,medium,false,,,"transformer, induced voltage",,extracted
ba5653e2,20210225_075945.jpg,,,,,,Other,Question Three (a),"With aid of a terminal voltage characteristic against load current, differentiate between over compound, flat compound and under compound, compound generators.",4,explanation,medium,false,,,"DC generators, terminal voltage characteristic",,extracted
077bd1c5,20210225_075945.jpg,,,,,,Other,Question Three (b),"State the following laws:
i. Energy conservation law
ii. Len's law
iii. Farady's first law.",6,explanation,easy,false,,,"Energy conservation law, Lenz's law, Faraday's law",,extracted
064cf2d6,20210225_075945.jpg,,,,,,Other,Question Three (c),"A step down 50-kVA, 1-phase and 60 Hz transformer has a voltage ratio of 3.3/1.1 kV. The resistance per phase are 10 ohms on the high voltage side, 0.9 ohms on the low voltage side and the iron loss is 3000W. Calculate the value of efficiency:
i. At full load and unity power factor
ii. At 0.75 full load 0.9 power factor
iii. Maximum efficiency at unity power factor.",10,calculation,hard,false,,,"transformer, efficiency, power factor, kVA",,extracted
06bc68ce,20210225_075945.jpg,,,,,,Other,Question Four (a),Derive the expression of torque developed by a dc motor.,5,derivation,medium,false,,,"DC motor, torque",,extracted
6610fe59,20210225_075945.jpg,,,,,,Other,Question Four (b),"A 200 volt de shunt generator has an armature resistance of 0.5 Ohm. The armature current is not to exceed 40 amperes. It is started using a starter. If the number of sections is six, calculate the value of the resistance steps to be used in this starter.",6,calculation,medium,false,,,"DC shunt generator, armature resistance, starter resistance",,extracted
abfa3c66,20210225_075945.jpg,,,,,,Other,Question Four (c),"A 50KVA 2200/110 volt transformer when tested gave the following results:

| Test          | Side reading taken | Wattmeter reading | Ammeter reading | Voltmeter reading |
|---------------|----------------------|-------------------|-----------------|-------------------|
| Open circuit  | Low voltage          | 400 watts         | 10 amperes      | 110 volts         |
| Short circuit | High voltage         | 808 watts         | 20.5 amperes    | 90 volts          |

Compute all the parameters of the equivalent circuit referred to the high voltage side and draw the equivalent circuit.",5,calculation,hard,true,dataset/diagrams/20210225_075945_jpg_Question_Four__c__abfa3c66.jpg,Table of test results for a transformer,"transformer, equivalent circuit, open circuit test, short circuit test",,extracted
3fa40c58,20210225_075945.jpg,,,,,,Other,Question Four (d),"With aid of a diagram, explain how inter-poles work to eliminate effect of armature reaction.",4,explanation,medium,true,,Diagram of inter-poles in a DC machine,"DC machines, inter-poles, armature reaction",,extracted
fea2fe11,20210225_075953.jpg,,,,,,Other,Q5(a),Briefly describe what is meant by commutation in a dc machine.,2,explanation,easy,false,,,"DC machine, commutation",,extracted
2bce132e,20210225_075953.jpg,,,,,,Other,Q5(b),"With aid of diagrams, proof that the flux in the transformer core is the same under all load conditions and is equal to no load flux.",6,proof,medium,true,,Transformer flux under load and no-load conditions,"Transformer, magnetic flux",,extracted
391f8690,20210225_075953.jpg,,,,,,Other,Q5(c),"A shunt generator has a field resistance of 60 ohms. When the generator delivers 60 kilowatt, the terminal voltage is 120 volts, while the generated emf is 135 volts. Determine:
i. The armature circuit resistance.
ii. The generated emf when the output is 20 kilowatt and the terminal voltage is 135 volts.",6,calculation,medium,false,,,"Shunt generator, armature resistance, generated EMF",,extracted
6330c860,20210225_075953.jpg,,,,,,Other,Q5(d),"A single phase transformer has 4000 turns on the primary and 800 turns on the secondary. The no load current is 4 amperes at a power factor of 0.2 lagging. Calculate the primary current and power factor, when the secondary current is 80 amperes at a power factor of 0.8 lagging.",6,calculation,medium,false,,,"Single phase transformer, primary current, power factor",,extracted
1e973b38,20210225_080002.jpg,ECU 202,ENGINEERING MATHEMATICS VII - DIFFERENTIAL EQUATIONS,KENYATTA UNIVERSITY,2019,2,End of Semester,Q1(a),Form the differential equation from the function $y = Ae^{-4x} + Be^{-6x}$,2,derivation,easy,false,,,Differential Equations,,extracted
f4be2d30,20210225_080002.jpg,ECU 202,ENGINEERING MATHEMATICS VII - DIFFERENTIAL EQUATIONS,KENYATTA UNIVERSITY,2019,2,End of Semester,Q1(b),"Find the value of $k$ for which $y = e^{kx}$ is a solution to the differential equations
$y'' + y' - 6y = 0$.",2,calculation,easy,false,,,Differential Equations,,extracted
9d906732,20210225_080002.jpg,ECU 202,ENGINEERING MATHEMATICS VII - DIFFERENTIAL EQUATIONS,KENYATTA UNIVERSITY,2019,2,End of Semester,Q1(c),Solve $\frac{dy}{dx} = \frac{1+y}{2+x}$,2,calculation,easy,false,,,Differential Equations,,extracted
9e4780e0,20210225_080002.jpg,ECU 202,ENGINEERING MATHEMATICS VII - DIFFERENTIAL EQUATIONS,KENYATTA UNIVERSITY,2019,2,End of Semester,Q1(d),Solve the differential equation $\frac{dy}{dx} = \frac{x+3y}{2x}$,4,calculation,medium,false,,,Differential Equations,,extracted
c0fdd62a,20210225_080002.jpg,ECU 202,ENGINEERING MATHEMATICS VII - DIFFERENTIAL EQUATIONS,KENYATTA UNIVERSITY,2019,2,End of Semester,Q1(e),"A manufacturing company has found that the cost $C$ of operating and maintaining the equipment is related to the length $m$ of intervals between overhauls by the equation
$m^2 \frac{dC}{dm} + 2mC = 2$ and $C = 4$ when $m = 2$.
Find the relation between $C$ and $m$.",4,calculation,medium,false,,,"Differential Equations, Cost Analysis",,extracted
4aa03b1d,20210225_080002.jpg,ECU 202,ENGINEERING MATHEMATICS VII - DIFFERENTIAL EQUATIONS,KENYATTA UNIVERSITY,2019,2,End of Semester,Q1(f),Solve the differential equation $(2D^2 + 2D + 1)y = 0$,3,calculation,medium,false,,,Differential Equations,,extracted
728196b7,20210225_080002.jpg,ECU 202,ENGINEERING MATHEMATICS VII - DIFFERENTIAL EQUATIONS,KENYATTA UNIVERSITY,2019,2,End of Semester,Q1(g),"A body of an unknown temperature (S) is placed in a room which is held at a constant temperature of 30 °F. If after 10 minutes the temperature of the body is 0°F and after 20 minutes the temperature of the body is 15°F, find the",6,calculation,medium,false,,,"Differential Equations, Newton's Law of Cooling",,extracted
470e1676,20210225_080002.jpg,ECU 202,ENGINEERING MATHEMATICS VII - DIFFERENTIAL EQUATIONS,KENYATTA UNIVERSITY,2019,2,End of Semester,Q1(g)(i),unknown temperature,6,calculation,medium,false,,,"Differential Equations, Newton's Law of Cooling",,extracted
29879d62,20210225_080002.jpg,ECU 202,ENGINEERING MATHEMATICS VII - DIFFERENTIAL EQUATIONS,KENYATTA UNIVERSITY,2019,2,End of Semester,Q1(g)(ii),temperature of the body after 25 minutes,1,calculation,easy,false,,,"Differential Equations, Newton's Law of Cooling",,extracted
46b33211,20210225_080002.jpg,ECU 202,ENGINEERING MATHEMATICS VII - DIFFERENTIAL EQUATIONS,KENYATTA UNIVERSITY,2019,2,End of Semester,Q1(h),"Use the method of undetermined coefficients to solve
$y'' - y' - 2y = 4x^2 - 12x + 41$",6,calculation,medium,false,,,"Differential Equations, Method of Undetermined Coefficients",,extracted
8efa9d05,20210225_080002.jpg,ECU 202,ENGINEERING MATHEMATICS VII - DIFFERENTIAL EQUATIONS,KENYATTA UNIVERSITY,2019,2,End of Semester,Q2(a),Solve $\frac{dy}{dx} = \frac{y^2 + xy^2}{x^2y - x^2}$,3,calculation,medium,false,,,Differential Equations,,extracted
b7b192e5,20210225_080016.jpg,ECU 203,ENGINEERING MATHEMATICS III (TRANSFORM METHODS),KENYATTA UNIVERSITY,2019/2020,2,End of Semester,Q1(a),Define the Gamma function and hence evaluate $\int_0^{\infty} y^2e^{-2y^2} dy$,6,calculation,medium,false,,,"Gamma function, Integration",,extracted
83515ff3,20210225_080016.jpg,ECU 203,ENGINEERING MATHEMATICS III (TRANSFORM METHODS),KENYATTA UNIVERSITY,2019/2020,2,End of Semester,Q1(b),"If $B(x, y) = \frac{\Gamma(x)\Gamma(y)}{\Gamma(x+y)}$, determine $B(2.5,1.5)$",3,calculation,easy,false,,,"Beta function, Gamma function",,extracted
5ee5f3fc,20210225_080016.jpg,ECU 203,ENGINEERING MATHEMATICS III (TRANSFORM METHODS),KENYATTA UNIVERSITY,2019/2020,2,End of Semester,Q1(c),"Given that $F(s) = \frac{1}{3-4s} + \frac{3-2s}{s^2+49}$, determine $f(t)$",5,calculation,medium,false,,,Inverse Laplace Transform,,extracted
84ef29ff,20210225_080016.jpg,ECU 203,ENGINEERING MATHEMATICS III (TRANSFORM METHODS),KENYATTA UNIVERSITY,2019/2020,2,End of Semester,Q1(d),Obtain the value of $P_3(x)$ using Rodrigues' formula,5,derivation,medium,false,,,"Legendre Polynomials, Rodrigues' formula",,extracted
d4262608,20210225_080016.jpg,ECU 203,ENGINEERING MATHEMATICS III (TRANSFORM METHODS),KENYATTA UNIVERSITY,2019/2020,2,End of Semester,Q1(e),"Determine the Fourier series of a periodic function of the voltage from a square wave generator which is of the form $V(t) = \begin{cases} 0, -4 < t < 0 \\ 10, 0 < t < 4 \end{cases}$ with a period of 8m/s",5,calculation,medium,false,,,"Fourier series, Square wave",,extracted
74001a0f,20210225_080016.jpg,ECU 203,ENGINEERING MATHEMATICS III (TRANSFORM METHODS),KENYATTA UNIVERSITY,2019/2020,2,End of Semester,Q1(f),A first-order differential equation involving current $i$ in a series R-L circuit is given by: $\frac{di}{dt} + 5i = \frac{E}{2}$ and $i = 0$ at time $t = 0$. Use Laplace transforms to solve for $i$ when $E = 40e^{-3t}$,6,calculation,medium,false,,,"Laplace Transform, RL Circuit, Differential Equation",,extracted
045dab69,20210225_080016.jpg,ECU 203,ENGINEERING MATHEMATICS III (TRANSFORM METHODS),KENYATTA UNIVERSITY,2019/2020,2,End of Semester,Q2(a),Show that $\sin \theta \frac{d^2y}{d\theta^2} + \cos \theta \frac{dy}{d\theta} + n(n+1) \sin \theta y = 0$ can be transformed into Legendre's equation by means of the substitution $x = \cos \theta$,9,proof,hard,false,,,"Legendre equation, Differential equation",,extracted
fefefc8f,20210225_080016.jpg,ECU 203,ENGINEERING MATHEMATICS III (TRANSFORM METHODS),KENYATTA UNIVERSITY,2019/2020,2,End of Semester,Q2(b),"Determine the half range Fourier sine series to represent $f(t) = t - t^2, 0 < t < 1$",5,calculation,medium,false,,,Fourier sine series,,extracted
44ea4179,20210225_080022.jpg,,,,,,Other,Q3(c),"Using the Beta function, show that $\int_0^2 \sqrt{x(2-x)} dx = \frac{\pi}{2}$",5,proof,medium,false,,,,,extracted
d25cbaf3,20210225_080022.jpg,,,,,,Other,Q3(a),"Determine whether $x = 0$ is an ordinary point, a regular singular point, or an irregular singular point of the differential equation $x^4y'' + (x^2 \sin x)y' + (1-\cos x)y = 0$",4,other,medium,false,,,,,extracted
f61a50ed,20210225_080022.jpg,,,,,,Other,Q3(b),"Given that $F(s) = \frac{6s^2 + 626 + 92}{(s+1)(s^2 + 10s + 21)}$, determine $f(t)$",5,calculation,medium,false,,,,,extracted
08e56180,20210225_080022.jpg,,,,,,Other,Q3(d),Determine the particular polynomial solution to the Legendre's equation $(1-x^2)y'' - 2xy' + 42y = 0$ (series solution not necessary),6,calculation,medium,false,,,,,extracted
51022fbb,20210225_080022.jpg,,,,,,Other,Q4(a),"Use Laplace transforms to solve the differential equation: $y'' - 2y' + 2y = 3e^t \cos t$, given $y(0) = 2$ and $y'(0) = 5$",8,calculation,medium,false,,,Laplace transform,,extracted
4661fd9e,20210225_080022.jpg,,,,,,Other,Q4(b),Define the Laplace transform and hence determine the Laplace transform of the function $f(t) = t(t-1) - \sin 2t + e^{3t}$,5,calculation,medium,false,,,Laplace transform,,extracted
a2c77b38,20210225_080022.jpg,,,,,,Other,Q4(c),"Given that $f_1(x) = \frac{2}{\sqrt{\pi x}} \sin x$ and $f_2(x) = \sqrt{\frac{2}{\pi x}} \cos x$, using the identity; $\frac{d}{dx}[x^{-n}J_n(x)] = -x^{-n}J_{n+1}(x)$",5,proof,hard,false,,,,,extracted
ba6fd9bd,20210225_080022.jpg,,,,,,Other,Q4(d),Show that; $f_2(x) = \sqrt{\frac{2}{\pi x}}[\frac{\sin x}{x}-\cos x]$,7,proof,medium,false,,,,,extracted
56233bb7,20210225_080022.jpg,,,,,,Other,Q5(a),Evaluate the integral $\int_0^\infty u^2e^{-3u} du$,5,calculation,medium,false,,,,,extracted
d6e16d10,20210225_080022.jpg,,,,,,Other,Q5(b),Determine the first four terms in each portion of the series solution around $x_0 = 0$ for the differential equation: $(x^2 + 1)y'' - 4xy' + 6y = 0$,6,calculation,medium,false,,,,,extracted
f2a19f65,20210225_080022.jpg,,,,,,Other,Q5(c),"Obtain the Fourier series expansion of: $f(x) = \begin{cases} -\pi, &-\pi < x < 0 \\ x, & 0 < x < \pi \end{cases}$. Hence deduce that; $\frac{\pi^2}{8} = 1 + \frac{1}{3^2} + \frac{1}{5^2} + ...$",9,calculation,hard,false,,,Fourier series,,extracted
653f8782,20210225_080147.jpg,ECU202,ODE 1,KENYATTA UNIVERSITY,2020,,CAT,1,"State the order, degree and linearity of the differential equation $(\frac{d^3y}{dx^3})^2 + 2(\frac{dy}{dx})^4 = sinx$",3,explanation,easy,false,,,differential equations,,extracted
6f3c3581,20210225_080147.jpg,ECU202,ODE 1,KENYATTA UNIVERSITY,2020,,CAT,2,"Solve the differential equation $y' = 2x^3 - x$, $y(0) = 1$",3,calculation,easy,false,,,differential equations,,extracted
193d2d43,20210225_080147.jpg,ECU202,ODE 1,KENYATTA UNIVERSITY,2020,,CAT,3,"Find the particular solution to the boundary value problem $y'' + 4y = 0$, $y(\frac{\pi}{8}) = 0$, $y'(\frac{\pi}{6}) = 1$ if the general solution to the differential equation is $y(x) = C_1 sin2x + C_2 cos 2x$",6,calculation,medium,false,,,"differential equations, boundary value problem",,extracted
757987eb,20210225_080147.jpg,ECU202,ODE 1,KENYATTA UNIVERSITY,2020,,CAT,4,Solve the differential equation $(x^2y + xy^2)dx = (x^2y + xy^2)dy \rightarrow$,7,calculation,medium,false,,,differential equations,,extracted
1966b20c,20210225_080147.jpg,ECU202,ODE 1,KENYATTA UNIVERSITY,2020,,CAT,5,"Define an exact equations, hence show that the differential equation $(cosx - x sin x + y^2)dx + 2xydy = 0$ is exact.",3,explanation,easy,false,,,exact differential equations,,extracted
c522be8f,20210225_080147.jpg,ECU202,ODE 1,KENYATTA UNIVERSITY,2020,,CAT,6(a),"A radio active material has an initial mass 100mg. After two years it is left to 75mg.
a) Find the amount of the material at any time.",4,calculation,medium,false,,,"radioactive decay, half-life",,extracted
8402dafb,20210225_080147.jpg,ECU202,ODE 1,KENYATTA UNIVERSITY,2020,,CAT,6(b),What is the period of its half-life?,2,calculation,easy,false,,,"radioactive decay, half-life",,extracted
1b9c5786,20210225_080202.jpg,,,,,,Other,a,A mining drill is driven by a shunt DC motor. The motor is rated at 240V and runs at 1000 rev/min at no load. It is required to increase the speed of the drill to 1250rpm while drawing a current of 40A from the mains. The armature resistance and field resistance are 0.25 and 150 $\Omega$ respectively. Determine the resistance to be placed in series with the field so that the motor runs at this new speed. Assume the pole flux to be proportional to the field current and neglect rotational losses.,10,calculation,hard,false,,,"DC motor, Shunt motor, Speed control, Field resistance",,extracted
d08b46a8,20210225_080202.jpg,,,,,,Other,b,Illustrate the effect of armature reaction in a generator and in a motor?,10,explanation,medium,false,,,"Armature reaction, Generator, Motor",,extracted
d1c29589,20210225_080202.jpg,,,,,,Other,c,"The following results were captured for a 50-kVA, 2400:240-V transformer.
Determine the efficiency of the transformer at full-load.",10,calculation,medium,false,,,"Transformer, Efficiency, Open-circuit test, Short-circuit test",,extracted
9cd71bf8,20210225_080208.jpg,,,,,,Other,d,"A dc shunt motor operating at an armature terminal voltage of 125-V is observed to be operating at a speed of 1180 rpm. When the motor is operated unloaded at the same armature terminal voltage but with additional resistance of 5 Ω in series with the shunt field, the motor speed is observed to be 1250 rpm.
i. Calculate the resistance of the series field
ii. Calculate the motor speed which will result if the series resistance is increased from 5 Ω to 15 Ω.",10,calculation,medium,false,,,"DC shunt motor, Motor speed, Series field resistance",,extracted
e7bc75a2,20210225_080208.jpg,,,,,,Other,e,A single-phase transformer has 1000 turns on the primary and 200 turns on the secondary. The no load current is 3A at a power factor of 0.2 lagging. Calculate the primary current and power factor when the secondary current is 280A at a power factor of 0.80 lagging.,10,calculation,medium,false,,,"Transformer, Turns ratio, Primary current, Power factor",,extracted
30b729dd,20210225_080208.jpg,,,,,,Other,f,Derive expression of the induced voltage in the primary and secondary windings of a transformer.,10,derivation,medium,false,,,"Transformer, Induced voltage, Primary winding, Secondary winding",,extracted
26c46c74,20210225_080214.jpg,EEE206,MACHINES I,KENYATTA UNIVERSITY,,,CAT,a,Explain why magnetic field is commonly used in machines instead of electric field.,,explanation,medium,false,,,"magnetic fields, electric fields, machines",,extracted
0afee775,20210225_080214.jpg,EEE206,MACHINES I,KENYATTA UNIVERSITY,,,CAT,b,"Define the following terms:
i. Magnetomotive force
ii. Magnetic field",4,explanation,easy,false,,,"Magnetomotive force, Magnetic field",,extracted
76dbe211,20210225_080214.jpg,EEE206,MACHINES I,KENYATTA UNIVERSITY,,,CAT,c,Derive the expression for reluctance of a medium in terms of dimensions and the properties of the medium.,4,derivation,medium,false,,,"reluctance, magnetic circuit",,extracted
84550661,20210225_080214.jpg,EEE206,MACHINES I,KENYATTA UNIVERSITY,,,CAT,d,"A wooden ring having cross section area of 200mm² and a mean circumference of 900mm has a coil of 500 turns wound uniformly around it. Calculate:
i. The reluctance of the ring
ii. The current required to produce a flux of 1.0uWb in the ring",6,calculation,medium,false,,,"reluctance, magnetic flux, magnetic circuit, Ampere's Law",,extracted
fd01a78a,20210225_080214.jpg,EEE206,MACHINES I,KENYATTA UNIVERSITY,,,CAT,e,"With aid of a well labelled hysteresis diagram, describe coercive force.",4,explanation,medium,true,,Hysteresis diagram,"Hysteresis, coercive force, magnetic material",,extracted
7c27178c,20210225_080218.jpg,,,,,,,f,A magnetic circuit made silicon steel is arranged as below. The material has a uniform cross section area of 300mm². A coil with 1000 turns is wound on the Centre limb. Calculate the current required to produce a flux of 1.0 mWb in the center limb. Assume relative permeability of 1000.,8,calculation,medium,true,dataset/diagrams/20210225_080218_jpg_f_7c27178c.jpg,Arrangment of a magnetic circuit,"magnetic circuit, magnetic flux, reluctance, ampere's law",,extracted
b90a909e,20210225_080326.jpg,ECU202,ODE 1,,2021,,CAT,1,"Define the Wronskian, hence determine if the functions $f_1(x)=x^2$, $f_2(x)=x^3$ and $f_3(x)=x^{-2}$, are linearly independent or not.",5,calculation,medium,false,,,"Wronskian, linear independence",,extracted
d2912326,20210225_080326.jpg,ECU202,ODE 1,,2021,,CAT,2,"If $x^k y^m$ is an integrating factor for $\frac{dy}{dx} = -\frac{y + x^4 y^2}{x}$, find the values of $k$ and $m$.",6,calculation,medium,false,,,integrating factor,,extracted
963969b2,20210225_080326.jpg,ECU202,ODE 1,,2021,,CAT,3,Use the method of undetermined coefficients to solve $y'' - 2y' = 8 e^x \cos x$.,5,calculation,medium,false,,,"undetermined coefficients, differential equations",,extracted
87878729,20210225_080326.jpg,ECU202,ODE 1,,2021,,CAT,4,"Solve $(D^4 + 2D^3 - 7D^2 + 2D + 70)y = 0$, if one of the roots of the characteristics equations is $-3-i.",7,calculation,medium,false,,,"characteristic equation, differential equations",,extracted
d14ed381,20210225_080326.jpg,ECU202,ODE 1,,2021,,CAT,5,"Use the method of variation of parameters to find the general solution to the differential equation $xy'' - (x+1)y' + y = x^2$, given that the fundamental solutions to the homogenous equation are $y_1 = e^x$ and $y_2 = x+1$.",7,calculation,medium,false,,,"variation of parameters, differential equations",,extracted
1650594a,20210225_080336.jpg,EEE 2208,,,,,CAT,Q1,"Differentiate between the following terms:
i. Precision and accuracy
ii. Threshold and resolution",,explanation,easy,false,,,"measurement, accuracy, resolution",,extracted
f28e374c,20210225_080336.jpg,EEE 2208,,,,,CAT,Q2,A Wheatstone bridge requires a change of 7 ohms in the unknown arm of the bridge to produce a change in deflection of 3 mm of the galvanometer. Determine the sensitivity of the bridge.,,calculation,easy,false,,,"Wheatstone bridge, sensitivity",,extracted
02d06da2,20210225_080336.jpg,EEE 2208,,,,,CAT,Q3,A moving coil voltmeter has a uniform scale of 150 divisions. The full scale reading is 100 V and 1/50 of a scale division can be estimated with a fair degree of certainty. Determine the resolution of the instrument.,,calculation,easy,false,,,"voltmeter, resolution",,extracted
59f4f088,20210225_080336.jpg,EEE 2208,,,,,CAT,Q4,The resistor $R_1$ and $R_2$ are connected in parallel. The value of the resistance are $R_1 = 200 \pm 0.20$ and $R_2 = 80 \pm 0.05 \Omega$. Determine the uncertainty in the combined resistance.,,calculation,medium,false,,,"resistance, uncertainty, parallel circuit",,extracted
6e8859a9,20210225_080336.jpg,EEE 2208,,,,,CAT,Q5,A resistor has a nominal value of $100\Omega\pm 1 \%$. A voltage is applied and the power consumed is calculated using the expression $P=E^2/R$. Calculate the percentage expressed uncertainty as measurement of power when the measured value of $E = 100V \pm1\%$.,,calculation,medium,false,,,"power, resistance, voltage, uncertainty",,extracted
60d1baeb,20210225_080336.jpg,EEE 2208,,,,,CAT,Q6,"A moving-coil instrument gives the full-scale deflection of 10 mA when the potential difference across its terminals is 100 mV. Calculate:
i. the shunt resistance for a full-scale deflection corresponding to 100 A.
ii. the series resistance for full scale reading with 1000 V.",,calculation,medium,false,,,"moving coil instrument, shunt resistance, series resistance",,extracted
4028c6e2,20210225_080336.jpg,EEE 2208,,,,,CAT,Q7,"Differentiate between the following terms as applied in electrical measurements:
i. Null type and deflection type instruments.
ii. Active and passive instruments.
iii. Smart and non-smart instruments.",,explanation,medium,false,,,"electrical measurements, instrument types",,extracted
f7850917,20210225_080336.jpg,EEE 2208,,,,,CAT,Q8,"Explain the principle of operation and typical applications of the following transducers:
i. Magnetic reluctance
ii. Hall effect",,explanation,medium,false,,,"transducer, magnetic reluctance, hall effect",,extracted
29c9d36f,20210225_080336.jpg,EEE 2208,,,,,CAT,Q9,"For the bridge circuit below, derive the expressions for determining the unknown resistance $R_x$ and inductance $L_x$. Hence determine these unknown values given that $R_1 = 1200 \Omega$, $R_2 = 700 \Omega$, $R_3 = 300 \Omega$ and $C_1 = 0.5 \mu F$.",,derivation,hard,true,dataset/diagrams/20210225_080336_jpg_Q9_29c9d36f.jpg,Bridge circuit,"bridge circuit, inductance, resistance",,extracted
c5269415,Biomaterials.... EBM 200.pdf,EBM 200,BIOMATERIALS,Kenyatta University,2020,1,End of Semester,Q1(a),Property: this is a material trait in terms of the kind and magnitude of response to a specific imposed stimulus. All-important properties of solid materials may be grouped into six different categories*. State and define all SIX properties.,12,explanation,medium,false,,,"material properties, stimulus response",,extracted
1974a990,Biomaterials.... EBM 200.pdf,EBM 200,BIOMATERIALS,Kenyatta University,2020,1,End of Semester,Q1(b)(i),"Define the following terms and include their equations.
Eutectic $L \rightarrow S_1 + S_2$",3,explanation,easy,false,,,"eutectic, phase transformation",,extracted
3b39fc9c,Biomaterials.... EBM 200.pdf,EBM 200,BIOMATERIALS,Kenyatta University,2020,1,End of Semester,Q1(b)(ii),Eutectoid $S_1 \rightarrow S_2 + S_3$,3,explanation,easy,false,,,"eutectoid, phase transformation",,extracted
1bb41800,Biomaterials.... EBM 200.pdf,EBM 200,BIOMATERIALS,Kenyatta University,2020,1,End of Semester,Q1(b)(iii),Peritectic $L + S_1 \rightarrow S_2$,3,explanation,easy,false,,,"peritectic, phase transformation",,extracted
61d1af2e,Biomaterials.... EBM 200.pdf,EBM 200,BIOMATERIALS,Kenyatta University,2020,1,End of Semester,Q1(b)(iv),Fatigue,2,explanation,easy,false,,,"fatigue, material science",,extracted
0a6f055b,Biomaterials.... EBM 200.pdf,EBM 200,BIOMATERIALS,Kenyatta University,2020,1,End of Semester,Q1(b)(v),Creep,2,explanation,easy,false,,,"creep, material science",,extracted
abf0a7e6,Biomaterials.... EBM 200.pdf,EBM 200,BIOMATERIALS,Kenyatta University,2020,1,End of Semester,Q1(c),"A cylinder rod of brass originally 14mm in diameter is to be cold worked by drawing. The circular section will be maintained during deformation. A cold-worked tensile strength in excess of 400 MPa and a ductility of at least 11%EL are desired. Furthermore, the final diameter must be 7.5mm. Explain how this may be accomplished.",5,explanation,medium,false,,,"cold working, material deformation, tensile strength, ductility",,extracted
df20cfc7,Biomaterials.... EBM 200.pdf,EBM 200,BIOMATERIALS,Kenyatta University,2020,1,End of Semester,Q2(a),Give FIVE (5) examples of how materials are dependent of properties.,5,explanation,medium,false,,,material properties,,extracted
81ba8a43,Biomaterials.... EBM 200.pdf,EBM 200,BIOMATERIALS,Kenyatta University,2020,1,End of Semester,Q2(b),Explain the SIX (6) different classes of materials.,6,explanation,medium,false,,,materials classification,,extracted
ba08a5d1,Biomaterials.... EBM 200.pdf,EBM 200,BIOMATERIALS,Kenyatta University,2020,1,End of Semester,Q2(c),Describe and outline the different aspects of the iron/steel alloy including its changes when cooled.,5,explanation,medium,false,,,"iron/steel alloy, cooling transformation",,extracted
167b62f4,Biomaterials.... EBM 200.pdf,EBM 200,BIOMATERIALS,Kenyatta University,2020,1,End of Semester,Q2(d),Discuss the different mechanical properties of materials (include illustrations and equations where appropriate.,4,explanation,medium,false,,,"mechanical properties, stress-strain",,extracted
8032e473,Biomaterials.... EBM 200.pdf,EBM 200,BIOMATERIALS,Kenyatta University,2020,1,End of Semester,Q3(a),Define the following terms when describing phase diagrams:,2,explanation,easy,false,,,phase diagram,,extracted
f0c0f57f,Biomaterials.... EBM 200.pdf,EBM 200,BIOMATERIALS,Kenyatta University,2020,1,End of Semester,Q3(a)(i),Lever Rule,2,explanation,easy,false,,,"lever rule, phase diagram",,extracted
79f053f0,Biomaterials.... EBM 200.pdf,EBM 200,BIOMATERIALS,Kenyatta University,2020,1,End of Semester,Q3(a)(ii),Liquidus line,2,explanation,easy,false,,,"liquidus line, phase diagram",,extracted
855d3384,Biomaterials.... EBM 200.pdf,EBM 200,BIOMATERIALS,Kenyatta University,2020,1,End of Semester,Q3(a)(iii),Hypoeutectoid alloy,3,explanation,easy,false,,,"hypoeutectoid, phase diagram",,extracted
215a2125,Biomaterials.... EBM 200.pdf,EBM 200,BIOMATERIALS,Kenyatta University,2020,1,End of Semester,Q3(a)(iv),Hypereutectoid alloy,3,explanation,easy,false,,,"hypereutectoid, phase diagram",,extracted
7123829f,Biomaterials.... EBM 200.pdf,EBM 200,BIOMATERIALS,Kenyatta University,2020,1,End of Semester,Q3(b),"For a 99.65 wt% Fe-0.35wt% C alloy. At a temperature just below the eutectoid. Using Figure 1, determine the following:",,calculation,medium,true,dataset/diagrams/Biomaterials_____EBM_200_pdf_Q3_b__7123829f.jpg,Fe-C Phase Diagram,"phase diagram, Fe-C system, lever rule",,extracted
ad85eafe,Biomaterials.... EBM 200.pdf,EBM 200,BIOMATERIALS,Kenyatta University,2020,1,End of Semester,Q3(b)(i),The compositions of $Fe_3C$ and ferrite ($\alpha$).,3,calculation,medium,true,dataset/diagrams/Biomaterials_____EBM_200_pdf_Q3_b__i__ad85eafe.jpg,Fe-C Phase Diagram,"phase diagram, Fe-C system, composition",,extracted
3db8bea7,Biomaterials.... EBM 200.pdf,EBM 200,BIOMATERIALS,Kenyatta University,2020,1,End of Semester,Q3(b)(ii),The amount of cementite (in grams) that forms in 100 g of steel.,3,calculation,medium,true,dataset/diagrams/Biomaterials_____EBM_200_pdf_Q3_b__ii__3db8bea7.jpg,Fe-C Phase Diagram,"phase diagram, Fe-C system, cementite amount",,extracted
205355fe,Biomaterials.... EBM 200.pdf,EBM 200,BIOMATERIALS,Kenyatta University,2020,1,End of Semester,Q3(b)(iii),The amounts of pearlite and proeutectoid ferrite ($\alpha$) in the 100 g.,4,calculation,medium,true,dataset/diagrams/Biomaterials_____EBM_200_pdf_Q3_b__iii__205355fe.jpg,Fe-C Phase Diagram,"phase diagram, Fe-C system, pearlite amount, proeutectoid ferrite",,extracted
d3320941,Biomaterials.... EBM 200.pdf,EBM 200,BIOMATERIALS,Kenyatta University,2020,1,End of Semester,Q4(a),Describe how steel is refined from ore. In your explanation define what happens at each stage. Include a diagram in your answer.,5,explanation,medium,false,,,"steel refining, ore processing",,extracted
b426c167,Biomaterials.... EBM 200.pdf,EBM 200,BIOMATERIALS,Kenyatta University,2020,1,End of Semester,Q4(b),"Discuss the different types of cast iron. (In your answer include the function of each type, advantages and disadvantages of each.",6,explanation,medium,false,,,"cast iron, materials science",,extracted
183fd40a,Biomaterials.... EBM 200.pdf,EBM 200,BIOMATERIALS,Kenyatta University,2020,1,End of Semester,Q4(c),Describe the THREE (3) different methods used for fabrication of metals.,4,explanation,medium,false,,,metal fabrication,,extracted
4f598483,Biomaterials.... EBM 200.pdf,EBM 200,BIOMATERIALS,Kenyatta University,2020,1,End of Semester,Q4(d),Discuss the different types of annealing.,5,explanation,medium,false,,,"annealing, heat treatment",,extracted
7d8538c0,Biomaterials.... EBM 200.pdf,EBM 200,BIOMATERIALS,Kenyatta University,2020,1,End of Semester,Q5,Materials science looks at other properties that affect function. Explain each on these properties (include equations where necessary),,explanation,medium,false,,,"materials science, material properties",,extracted
57a1eee0,Biomaterials.... EBM 200.pdf,EBM 200,BIOMATERIALS,Kenyatta University,2020,1,End of Semester,Q5(a),Heat Capacity,3,explanation,medium,false,,,"heat capacity, material properties",,extracted
0aa7641e,Biomaterials.... EBM 200.pdf,EBM 200,BIOMATERIALS,Kenyatta University,2020,1,End of Semester,Q5(b),Ferromagnetic Ceramics,2,explanation,medium,false,,,ferromagnetic ceramics,,extracted
3793b3ad,Biomaterials.... EBM 200.pdf,EBM 200,BIOMATERIALS,Kenyatta University,2020,1,End of Semester,Q5(c),Piezoelectric Materials,2,explanation,medium,false,,,piezoelectric materials,,extracted
f4ada5c7,Biomaterials.... EBM 200.pdf,EBM 200,BIOMATERIALS,Kenyatta University,2020,1,End of Semester,Q5(d),Refraction of light for metals,3,explanation,medium,false,,,"refraction, optical properties",,extracted
3be2a3d5,Biomaterials.... EBM 200.pdf,EBM 200,BIOMATERIALS,Kenyatta University,2020,1,End of Semester,Q5(e),Reflection of light for metals,4,explanation,medium,false,,,"reflection, optical properties",,extracted
77ac95a4,Biomaterials.... EBM 200.pdf,EBM 200,BIOMATERIALS,Kenyatta University,2020,1,End of Semester,Q5(f),Scattering of light in polymers,3,explanation,medium,false,,,"scattering, optical properties, polymers",,extracted
a9845e13,Biomaterials.... EBM 200.pdf,EBM 200,BIOMATERIALS,Kenyatta University,2020,1,End of Semester,Q5(g),Semiconductor Laser application,3,explanation,medium,false,,,"semiconductor laser, applications",,extracted
1e8fa3e7,C programming questions.pdf,,,,,,Assignment,Question 1,"Write a program to carry out addition, division, subtraction, and multiplication of three numbers. The program
should also compute the average of all the numbers.
The program should give the following output assuming the numbers are 40, 20, and 30;
The sum: 40 + 20 + 30 = 90
The product: 40 * 20 * 30 = 2400
The difference: 30 − 20 = 10
The quotient: 40 / 20 = 2
The average of 40, 20, and 30 = (40 + 20 + 30)/3 = 30
Ensure that you are able to explain the working of every statement in your program code.",,other,easy,false,,,,,extracted
fc5d293c,C programming questions.pdf,,,,,,Assignment,Question 2,"b. Write a C program that reads three numbers, finds the smallest and the largest of the three numbers, and prints
the value of the smallest and the largest number on the screen.
Sample output assuming the three numbers are 10, 20, and 30.
You Entered 10, 20, 30
The smallest number is: 10
The largest number is: 30",,other,medium,false,,,,,extracted
f71270a4,C programming questions.pdf,,,,,,Assignment,Question 3,"b) Write a C program that calculates weekly wages for hourly employees. Regular hours 0-40 are paid at KES
1,000/hour. Overtime (> 40 hours per week) is paid at 150% of the regularly hourly payments.
Sample output assuming an employee worked for 48 hours in a week:
Total Number of Hours: 48 hours
Regular Hours: 40 Hours
Overtime Hours: 8 hours
Regular Pay: 40 x 1000 = 40000
Overtime Pay: (8 x 1000 x 150)/100 = 12000
Total Pay: 40000 + 12000 = 52000
Note: the number of hours worked in a week should entered by the user from the keyboard.",,other,medium,false,,,,,extracted
cd55ef96,C programming questions.pdf,,,,,,Assignment,Question 4,"d) Using for loops write a C program to generate the following sequence 0, 1, 1, 2, 3, 5, 8, 13, 21, 34, . . . and so forth, where the term $x_n = x_{n-1} + x_{n-2}$ . and the first two terms are 0 and 1.
Sample output:
Enter the term: 9
The sequence up to 9th term is: 0, 1, 1, 2, 3, 5, 8, 13, 21",,other,medium,false,,,,,extracted
48db5630,C programming questions.pdf,,,,,,Assignment,Question 5,"d. Write a C program (strictly using a do while loop) to compute the sum all the numbers that are multiples of 5 between n and m (inclusive), where n is less than m. The range (n to m) should be entered from the keyboard by the user.
Sample output: assume n=10 and m=30
The sum of multiples of 5 between 10 and 30 is:",,other,medium,false,,,,,extracted
8bd5e88d,C programming questions.pdf,,,,,,Assignment,e,"Write a C program to print the following pattern:


**
**
****
****
******
*******
******
****
**
*
",,other,medium,false,,,"programming, pattern printing",,extracted
12964b86,C programming questions.pdf,,,,,,Assignment,6(a),"Write a C program that receives two sets of numbers (vect_one and vect_two) as input and adds them
up to produce a third set of numbers (vect_three). Each set contains 4 numbers. For example, if vect_one = (3,4,5,6) and vect_two = (6,5,4,3) then vect_three = (3,4,5,6) + (6,5,4,3) = (9,9,9,9). Note that all the inputs are variables that should be input by the user from the keyboard. Your output should look like
the sample output shown below:
Input:
Enter the elements of vect_one: 3 4 5 6
Enter the elements of vect_two: 6 5 4 3
Output:
Vector One: (3 4 5 6)
Vector Two: (6 5 4 3)
Vector Three = Vector One + Vector Two =: (3 4 5 6) + (6 5 4 3) = (9 9 9 9)",,other,medium,false,,,"programming, arrays, vector addition",,extracted
9b7d89b4,C programming questions.pdf,,,,,,Assignment,6(b),"Write a C program that receives two sets of numbers (vect_one and vect_two) as input and combines
them to produce a third set of numbers (vect_three). vect_one and vect_two contain n numbers, where
n is a value entered from the keyboard by the user. For example, if n=4 and vect_one = (3,4,5,6) and
vect_two = (6,5,4,3) then vect_three = (3,5,4,6,6,5,4,3). Note that all the inputs are variables that should
be input by the user from the keyboard. Your output should look like the sample output shown below:
Input:
Enter the dimension: 4
Enter the elements of vector1: 3 4 5 6
Enter the elements of vector2: 6 5 4 3
Output:
Vector1: (3 4 5 6)
Vector2: (6 5 4 3)
Vector 3 = (3 5 4 6 6 5 4 3)",,other,medium,false,,,"programming, arrays, vector combination",,extracted
8d0b1fbd,C programming questions.pdf,,,,,,Assignment,6(c),"Using arrays, write a C program that takes in a set of five numbers entered by the user, compares the numbers, and produces the smallest of the numbers as an output. Your output should look like the sample output shown below:
Input:
Enter the five numbers: 3 6 1 8 2
Output:
You entered the following five numbers: 3 6 1 8 2
The smallest of 3 6 1 8 and 2 is 1.",,other,medium,false,,,"programming, arrays, finding minimum",,extracted
77583047,C programming questions.pdf,,,,,,Assignment,6(d),"Write a C program to print the following pattern:


  *
 ***
*****
*******
*********
*******
 *****
  ***
   *
",,other,medium,false,,,"programming, pattern printing",,extracted
098b355a,C programming questions.pdf,,,,,,Assignment,7(a),"Write a C program that takes in a n x m matrix_one and a n x m matrix_two, sums the two matrices and produces
a n x m matrix_three. The dimensions of the two matrices should be keyed in by the user.
Example:
Assuming N=2 and m=3.
Matrix One:
2   3   4
5   6   7
Matrix Two:
3   4   5
6   7   8
Matrix Three:
5   7   9
11  13  15",,other,medium,false,,,"programming, matrices, matrix addition",,extracted
c27de726,C programming questions.pdf,,,,,,Assignment,7(b),"Write a C++ program that takes a n x m matrix_one and produces a (n+1) x (m+1) matrix_two that consists of
all the elements of the of the first matrix plus their row and column totals. The size and elements of the matrix
must be entered by the user from the keyboard.
Example:
Assuming n=3 and m=3.
Matrix One:
2   3   4
5   6   7
1   8   9
Matrix Two:
2   3   4   9
5   6   7   18
1   8   9   18
8   17  20  45",,other,hard,false,,,"programming, matrices, row and column sums",,extracted
0f0661cc,C programming questions.pdf,,,,,,Assignment,8(a),"Write a C++ program to compute the circumference and area of a circle. The program should ask the user to
enter a double number corresponding to the radius of the circle, compute the circumference and area, and display
the area and circumference of the circle. Assuming the lengths of the sides of a square are equivalent to twice the
radius of the circle, include additional code in your program to compute the area and perimeter of the square and
display the area and perimeter of the square.",,other,medium,false,,,"programming, geometry, area and circumference, circle, square",,extracted
14ec7018,C programming questions.pdf,,,,,,Assignment,8(b),"Repeat number (1) above using functions. A part form the main() function you should have additional functions
such as f_circum_circle(), f_area_circle(), f_perimeter_square(), and f_area_square().",,other,medium,false,,,"programming, functions, geometry, area and circumference, circle, square",,extracted
804dadd2,C programming questions.pdf,,,,,,Assignment,8(c),"Using arrays, write a C program that accepts any user defined number of inputs (n) and finds the smallest of the
numbers, finds the largest number, sorts the numbers in ascending order, finds the sum of the numbers, and
computes their average.
Example:
Assuming the input is: 7,9,4,1,8,6,2
Output:
The Input List: 7 9 4 1 8 6 2",,other,hard,false,,,"programming, arrays, sorting, minimum, maximum, sum, average",,extracted
3a1a19cc,C programming questions.pdf,,,,,,Assignment,d,"Repeat number (3) above using functions. A part from the main() function you should have additional functions such as find_smallest(), find_largest(), comp_sum(), comp_average(), and sort_ascending().",,other,medium,false,,,,,extracted
5c30a683,C programming questions.pdf,,,,,,Assignment,Question 9,"a.Using arrays, write a C++ program that accepts the following array elements as input, 3,6,7,9,2,4,5,7,9,1,2,4,3,5,7,8,9. The program should allow the user to search the array and produce an output as highlighted below;
Example 1:
Enter the Search Key: 9
Output:
Number 9 Exists in the List
Number 9 Occurs 3 times
It Appears at Array Indices: 3,8,16
Example 2:
Enter the Search Key: 10
Output:
Number 10 Does not Exist in the List
Number 10 Occurs 0 times
Note: A part from the main() function you should have additional functions such as linear_search() etc.",,other,medium,false,,,,,extracted
75b7812b,C programming questions.pdf,,,,,,Assignment,b,"b. Using arrays, write a C++ program that accepts any user defined number of inputs (n) and sorts the numbers in ascending order using insertion sort.
Example:
Assuming the input is: 7,9,4,1,8,6,2
Output:
The Input List: 7 9 4 1 8 6 2
Insertion Sort Steps;
Sorted List: 7
Sorted List: 7 9
Sorted List: 4 7 9
Sorted List: 1 4 7 9
Sorted List: 1 4 7 8 9
Sorted List: 1 4 6 7 8 9
Sorted List: 1 2 4 7 8 9
The Sorted List: 1 2 4 6 7 8 9
Note: A part from the main() function you should have additional functions such as sort_ascending() etc.",,other,medium,false,,,,,extracted
0b1444d8,C programming questions.pdf,,,,,,Assignment,Question 10,"Read and make notes (in your eee102 exercise book) on the following topics/sections of C++ programming;
a) Basic Syntax
b) Comments
c) Data Types
d) Variable Types
e) Variable Scope
f) Constants/Literals
g) Modifier Types
h) Storage Classes
i) operators
j) Loop Types
k) Decision Making
l) Functions
m) Arrays",,other,easy,false,,,,,extracted
e01c52ea,CIRCUIT THEORY EEE 203 (1).pdf,EEE 203,CIRCUIT ANALYSIS I,KENYATTA UNIVERSITY,2015,1,End of Semester,Q1(a),"Explain the following terminologies used in current electricity:
i) Electric power
ii) Electrical Energy
iii) Concept of EMF and potential difference",7,explanation,easy,false,,,"electric power, electrical energy, emf, potential difference",,extracted
68908d60,CIRCUIT THEORY EEE 203 (1).pdf,EEE 203,CIRCUIT ANALYSIS I,KENYATTA UNIVERSITY,2015,1,End of Semester,Q1(b),"A coil of resistance $10 \Omega$ and inductance $0.1H$ is connected in series with a capacitor 150mF across a 200V, 50Hz supply.
Calculate:
(i) Impedance
(ii) Power factor
(iii) Current
(iv) Voltage across coil
(v) Voltage across capacitor",2,calculation,medium,false,,,"Impedance, Power Factor, AC circuit analysis",,extracted
2634dd5f,CIRCUIT THEORY EEE 203 (1).pdf,EEE 203,CIRCUIT ANALYSIS I,KENYATTA UNIVERSITY,2015,1,End of Semester,Q1(c),"Two impedances $Z_1 = (10 + j5) \Omega$ and $Z_2 = (25 - j10) \Omega$ are connected in parallel to a 100V 50Hz supply
Find (i) Circuit admittance
(ii) Circuit current
(iii) The phase angle between circuit current and applied voltage
(iv) Circuit p.f
(v) Power taken by the circuit",2,calculation,medium,false,,,"Impedance, Admittance, Power Factor, AC circuit analysis",,extracted
6841bf8b,CIRCUIT THEORY EEE 203 (1).pdf,EEE 203,CIRCUIT ANALYSIS I,KENYATTA UNIVERSITY,2015,1,End of Semester,Q1(d),A 50-Ohm resistor is in parallel with a 100-ohm resistor. The current in 50 $\Omega$ resistor is 7.2 A. What is the value of third resistance to be added in parallel to make the line current 12.1 A.,4,calculation,medium,false,,,"parallel circuits, current division, Ohm's law",,extracted
74cb44b1,CIRCUIT THEORY EEE 203 (1).pdf,EEE 203,CIRCUIT ANALYSIS I,KENYATTA UNIVERSITY,2015,1,End of Semester,Q1(e),When a resistor is placed across a 230V supply the current is 12A. What is the value of a resistor that must be placed in parallel to increase the load current to 16A,4,calculation,medium,false,,,"parallel circuits, Ohm's law, current increase",,extracted
5577190c,CIRCUIT THEORY EEE 203 (1).pdf,EEE 203,CIRCUIT ANALYSIS I,KENYATTA UNIVERSITY,2015,1,End of Semester,Q2(a),"Explain the following terms in circuit analysis,
i) Superposition theorem.
ii) Kirchhoff's laws
iii) Signs of emf's and voltage drops.",8,explanation,medium,false,,,"superposition theorem, Kirchhoff's laws, emf, voltage drop",,extracted
61689ded,CIRCUIT THEORY EEE 203 (1).pdf,EEE 203,CIRCUIT ANALYSIS I,KENYATTA UNIVERSITY,2015,1,End of Semester,Q2(b),"Using Kirchhoff's laws.
Find the current in various resistors in the circuit shown.",6,calculation,medium,true,dataset/diagrams/CIRCUIT_THEORY_EEE_203__1__pdf_Q2_b__61689ded.jpg,Circuit diagram with voltage sources and resistors.,"Kirchhoff's laws, mesh analysis, nodal analysis",,extracted
d906cc38,CIRCUIT THEORY EEE 203 (1).pdf,EEE 203,CIRCUIT ANALYSIS I,KENYATTA UNIVERSITY,2015,1,End of Semester,Q2(d),In the network shown Fig 2(c) find the different branch currents by superposition theorem.,5,calculation,medium,true,dataset/diagrams/CIRCUIT_THEORY_EEE_203__1__pdf_Q2_d__d906cc38.jpg,DC circuit with independent sources,"DC circuits, superposition theorem, mesh analysis",,extracted
8bb48728,CIRCUIT THEORY EEE 203 (1).pdf,EEE 203,CIRCUIT ANALYSIS I,KENYATTA UNIVERSITY,2015,1,End of Semester,Q3(a),"State the following
i) Thevenin's theorem.
ii) Norton's theorem.",6,explanation,easy,false,,,"Thevenin's theorem, Norton's theorem",,extracted
7ec1ae9c,CIRCUIT THEORY EEE 203 (1).pdf,EEE 203,CIRCUIT ANALYSIS I,KENYATTA UNIVERSITY,2015,1,End of Semester,Q3(b),"Using Nortons theorem, find the current in the branch AB containing $6\Omega$ resistor of the network shown in Fig 3(b)",6,calculation,medium,true,dataset/diagrams/CIRCUIT_THEORY_EEE_203__1__pdf_Q3_b__7ec1ae9c.jpg,Circuit diagram with voltage sources and resistors.,"Norton's theorem, circuit analysis",,extracted
43c2c092,CIRCUIT THEORY EEE 203 (1).pdf,EEE 203,CIRCUIT ANALYSIS I,KENYATTA UNIVERSITY,2015,1,End of Semester,Q3(c),Using superposition theorem find the currents in the different branches of the network.,6,calculation,medium,true,dataset/diagrams/CIRCUIT_THEORY_EEE_203__1__pdf_Q3_c__43c2c092.jpg,Circuit diagram with voltage sources and resistors.,"superposition theorem, circuit analysis",,extracted
bbb76fc4,CIRCUIT THEORY EEE 203 (1).pdf,EEE 203,CIRCUIT ANALYSIS I,KENYATTA UNIVERSITY,2015,1,End of Semester,Q4(a),"Explain the following
(i) An ideal voltage source and ideal current source
(ii) Nortons theorem being the converse of Thevenin's theorem
(iii) When it is appropriate to use star /delta /delta star transformation
(iv) The significance of power factor
(v) The significance of operator j",15,explanation,medium,false,,,"Ideal voltage source, Ideal current source, Norton's theorem, Thevenin's theorem, Star delta transformation, Power factor, Operator j",,extracted
8f932613,CIRCUIT THEORY EEE 203 (1).pdf,EEE 203,CIRCUIT ANALYSIS I,KENYATTA UNIVERSITY,2015,1,End of Semester,Q4(b),Determine the load current kin the branch CD and EF in the circuit below Fig 4(b) by converting first the star into Delta .All resistance are in ohms,6,calculation,medium,true,dataset/diagrams/CIRCUIT_THEORY_EEE_203__1__pdf_Q4_b__8f932613.jpg,Star-delta transformation circuit,"Star-delta transformation, Circuit analysis, Ohm's Law",,extracted
404fd8ea,CIRCUIT THEORY EEE 203 (1).pdf,EEE 203,CIRCUIT ANALYSIS I,KENYATTA UNIVERSITY,2015,1,End of Semester,Q5(a),A coil of p.f 0.8 is connected in series with a 110$\mu$F capacitor. The supply frequency is 50 Hz. The p.d across the coil is found to be equal to the p.d across the capacitor. Calculate the resistance and inductance of the coil,4,calculation,medium,false,,,"Power factor, Series RLC circuit, AC circuits, Inductance, Capacitance",,extracted
f32c8fa2,CIRCUIT THEORY EEE 203 (1).pdf,EEE 203,CIRCUIT ANALYSIS I,KENYATTA UNIVERSITY,2015,1,End of Semester,Q5(b),"A coil of resistance 10$\Omega$ and inductance 0.1H is connected in series with a capacitor 150mF across a 200V, 50Hz supply. Calculate:
(i) Impedance
(ii) Power factor
(iii) Current
(iv) Voltage across coil
(v) Voltage across capacitor",5,calculation,medium,false,,,"Series RLC circuit, Impedance, Power factor, AC circuits, Inductance, Capacitance",,extracted
c340d07f,CIRCUIT THEORY EEE 203 (1).pdf,EEE 203,CIRCUIT ANALYSIS I,KENYATTA UNIVERSITY,2015,1,End of Semester,Q5(c),"Two impedances $Z_1 = (10+j5)\Omega$ and $Z_2 = (25-j10)\Omega$ are connected in parallel to a 100V 50Hz supply
Find (i) Circuit admittance
(ii) Circuit current
(iii) The phase angle between circuit current and applied voltage
(iv) Circuit p.f
(v) Power taken by the circuit",10,calculation,medium,false,,,"Parallel AC circuits, Impedance, Admittance, Power factor, Phase Angle",,extracted
59fe2bf2,CIRCUIT THEORY EEE 203 (1).pdf,EEE 203,CIRCUIT ANALYSIS I,KENYATTA UNIVERSITY,2015,1,End of Semester,Q5(d),"Calculate
A) The input apparent power (2 marks)
f) The active and reactive component of current (2 marks)
g) The reactive power (in kilovars) (2 marks)",6,calculation,medium,false,,,"AC circuits, apparent power, active current, reactive current, reactive power",,extracted
05495e1f,CIRCUIT THEORY EEE 203 (1).pdf,EEE 203,CIRCUIT ANALYSIS I,KENYATTA UNIVERSITY,2015,1,End of Semester,Q2(c),"Determine the currents $I_1$, $I_2$, $I_3$ flowing in the circuit Fig 2(c)",5,calculation,medium,true,dataset/diagrams/CIRCUIT_THEORY_EEE_203__1__pdf_Q2_c__05495e1f.jpg,Circuit with resistors and a voltage source,"Circuit analysis, Ohm's Law, Series-parallel circuits",,extracted
b772ffc8,CIRCUIT THEORY EEE 203 (1).pdf,EEE 203,CIRCUIT ANALYSIS I,KENYATTA UNIVERSITY,2015,1,End of Semester,Q1(f),Using Kirchhoff's laws find the currents through various resistors in the circuit.,6,calculation,medium,true,dataset/diagrams/CIRCUIT_THEORY_EEE_203__1__pdf_Q1_f__b772ffc8.jpg,Circuit diagram with resistors and voltage source.,"Kirchhoff's laws, mesh analysis, nodal analysis",,extracted
b1ff494f,CIRCUIT THEORY EEE 203 (1).pdf,EEE 203,CIRCUIT ANALYSIS I,KENYATTA UNIVERSITY,2015,1,End of Semester,c),Determine the load current in the branch EF in the circuit shown. Fig(c). Use star/delta transformation,8,calculation,medium,true,dataset/diagrams/CIRCUIT_THEORY_EEE_203__1__pdf_c__b1ff494f.jpg,circuit diagram,"circuit analysis, star-delta transformation",,extracted
e894202c,CIRCUIT THEORY EEE 203 (1).pdf,EEE 203,CIRCUIT ANALYSIS I,KENYATTA UNIVERSITY,2015,1,End of Semester,a),"Explain the following a.c. terminologies
i) Cycle
ii) Frequency
iii) Amplitude
iv) RMS value of sinusoidal current",1,explanation,easy,false,,,"AC circuits, terminology",,extracted
47ebef14,CIRCUIT THEORY EEE 203 (1).pdf,EEE 203,CIRCUIT ANALYSIS I,KENYATTA UNIVERSITY,2015,1,End of Semester,b),ii) The reasons why sinusoidal wave rather than square or triangle wave is chosen for Generation and Transmission of power,3,explanation,medium,false,,,"power transmission, waveforms",,extracted
5aa1bcf2,CIRCUIT THEORY EEE 203 (1).pdf,EEE 203,CIRCUIT ANALYSIS I,KENYATTA UNIVERSITY,2015,1,End of Semester,ONE (a),"Define the following terms , show their units and how they relate to each other
(i) Electric current (A)
(ii) Potential difference (V)
(iii) Specific Resistance or Resistivity
(iv) Conductance",2,explanation,easy,false,,,"electrical quantities, definitions",,extracted
6f102e32,CIRCUIT THEORY EEE 203 (1).pdf,EEE 203,CIRCUIT ANALYSIS I,KENYATTA UNIVERSITY,2015,1,End of Semester,ONE (b),"Discuss the following
(i) Factors upon which resistance depends
(ii) Effects of temperature on Resistance
(iii) Concepts of EMF and Potential difference",4,explanation,medium,false,,,"resistance, temperature coefficient, EMF, potential difference",,extracted
c7e35a94,CIRCUIT THEORY EEE 203 (1).pdf,EEE 203,CIRCUIT ANALYSIS I,KENYATTA UNIVERSITY,2015,1,End of Semester,ONE (c),"Four resistors are in parallel. The currents in the first three resistors are 4mA, 5mA and 6mA respectively. The voltage across the forth resistors is 200 volts. The total power dissipated is 5watts. Determine the values of resistances of the branches and the total resistance.",6,calculation,medium,false,,,"parallel circuits, power dissipation, resistance",,extracted
21a30dff,CIRCUIT THEORY EEE 203 (1).pdf,EEE 203,CIRCUIT ANALYSIS I,KENYATTA UNIVERSITY,2015,1,End of Semester,ONE (d),"When a resistor is placed across a 230V supply, the current is 12A, What is the value of the resistor that must be placed in parallel to increase the load to 16A",5,calculation,medium,false,,,"parallel circuits, resistance, Ohm's law",,extracted
f4a21084,CIRCUIT THEORY EEE 203 (1).pdf,EEE 203,CIRCUIT ANALYSIS I,KENYATTA UNIVERSITY,2015,1,End of Semester,TWO (a),"(a) (i) State Kirchhoff's laws as applied to DC circuits
(ii) Discuss signs of Emfs and Voltage drops in a closed circuit
(iii) Method use to solving circuits by Kirchhoff's laws",3,explanation,medium,false,,,"Kirchhoff's laws, KVL, KCL",,extracted
3648c8da,CIRCUIT THEORY EEE 203 (1).pdf,EEE 203,CIRCUIT ANALYSIS I,KENYATTA UNIVERSITY,2015,1,End of Semester,TWO (b),(b) Calculate currents in the $20\Omega$ resistor in fig 2(b),5,calculation,medium,true,dataset/diagrams/CIRCUIT_THEORY_EEE_203__1__pdf_TWO__b__3648c8da.jpg,circuit diagram,"circuit analysis, Kirchhoff's laws, mesh analysis",,extracted
290ce89e,CIRCUIT THEORY EEE 203 (1).pdf,EEE 203,CIRCUIT ANALYSIS I,KENYATTA UNIVERSITY,2015,1,End of Semester,TWO (c),"(c) Determine the currents $I_1, I_2, I_3$ flowing in the circuit Fig 2(c)",5,calculation,medium,true,dataset/diagrams/CIRCUIT_THEORY_EEE_203__1__pdf_TWO__c__290ce89e.jpg,circuit diagram,"circuit analysis, Kirchhoff's laws, mesh analysis",,extracted
adb3c2f9,CIRCUIT THEORY EEE 203 (1).pdf,EEE 203,CIRCUIT ANALYSIS I,KENYATTA UNIVERSITY,2015,1,End of Semester,THREE (a),"State the following theorems
(i) Nortons theorem
(ii) Superposition theorem
(iii) Maxwells mesh current method",3,explanation,medium,false,,,"Norton theorem, superposition theorem, mesh analysis",,extracted
30ecced4,CIRCUIT THEORY EEE 203 (1).pdf,EEE 203,CIRCUIT ANALYSIS I,KENYATTA UNIVERSITY,2015,1,End of Semester,THREE (b),(ii) Use Thevenins theorem to find the current through $R_1$ in the same circuit Fig 3(b),5,calculation,medium,true,,circuit diagram,"Thevenin theorem, circuit analysis",,extracted
9197e837,CIRCUIT THEORY EEE 203 (1).pdf,EEE 203,CIRCUIT ANALYSIS I,KENYATTA UNIVERSITY,2015,1,End of Semester,ONE a),"Define the following terms, show their units and how they relate to each other.
i) Capacitance (C)
ii) Inductance (L)
iii) Impedance (Z)
iv) Power factor (p.f)",3,explanation,easy,false,,,"capacitance, inductance, impedance, power factor",,extracted
f1393c44,CIRCUIT THEORY EEE 203 (1).pdf,EEE 203,CIRCUIT ANALYSIS I,KENYATTA UNIVERSITY,2015,1,End of Semester,ONE b),"ii) When is an emf labelled positive :
IR drop across a resistor labelled positive :",2,explanation,easy,false,,,"EMF, IR Drop",,extracted
2d44d709,CIRCUIT THEORY EEE 203 (1).pdf,EEE 203,CIRCUIT ANALYSIS I,KENYATTA UNIVERSITY,2015,1,End of Semester,ONE c),"By Kirchoff's laws, find the currents in various resistors in the circuit shown Fig 1(c)",6,calculation,medium,true,dataset/diagrams/CIRCUIT_THEORY_EEE_203__1__pdf_ONE_c__2d44d709.jpg,circuit diagram,"Kirchoff's laws, circuit analysis",,extracted
4c918fb6,CIRCUIT THEORY EEE 203 (1).pdf,EEE 203,CIRCUIT ANALYSIS I,KENYATTA UNIVERSITY,2015,1,End of Semester,ONE d),Calculate the value of the unknown resistor R in Fig. 1(d)  The voltage drop across the 500$\Omega$ resistor is 2.5v.,4,calculation,medium,true,dataset/diagrams/CIRCUIT_THEORY_EEE_203__1__pdf_ONE_d__4c918fb6.jpg,circuit diagram,"circuit analysis, Ohm's law",,extracted
8af88785,CIRCUIT THEORY EEE 203 (1).pdf,EEE 203,CIRCUIT ANALYSIS I,KENYATTA UNIVERSITY,2015,1,End of Semester,UESTION TWO,Define and then identify the following in diagram Fig. (2a),,explanation,medium,true,dataset/diagrams/CIRCUIT_THEORY_EEE_203__1__pdf_UESTION_TWO_8af88785.jpg,circuit diagram,"circuit elements, notation",,extracted
0c097327,CIRCUIT THEORY EEE 203 (1).pdf,EEE 203,CIRCUIT ANALYSIS I,KENYATTA UNIVERSITY,2015,1,End of Semester,QUESTION FOUR (a),"Explain the following:
(i) An ideal voltage source and ideal current source
(ii) Nortons theorem being the converse of Thevenin's theorem
(iii) When it is appropriate to use star delta /delta star transformation
(iv) The significance of power factor
(v) The significance of operator j",,explanation,medium,false,,,"Voltage source, Current source, Norton's theorem, Thevenin's theorem, Star-delta transformation, Power factor, j operator",,extracted
84b435cb,CIRCUIT THEORY EEE 203 (1).pdf,EEE 203,CIRCUIT ANALYSIS I,KENYATTA UNIVERSITY,2015,1,End of Semester,QUESTION FOUR (b),Determine the load current kin the branch CD and EF in the circuit below Fig 4(b) by converting first the star into Delta .All resistance are in ohms ,6,calculation,medium,true,dataset/diagrams/CIRCUIT_THEORY_EEE_203__1__pdf_QUESTION_FOUR__b__84b435cb.jpg,Star-delta circuit conversion,"Star-delta transformation, Circuit analysis, Resistors",,extracted
e1556bb2,CIRCUIT THEORY EEE 203 (1).pdf,EEE 203,CIRCUIT ANALYSIS I,KENYATTA UNIVERSITY,2015,1,End of Semester,QUESTION FIVE,"A coil of p.f 0.8 is connected in series with a $110\mu F$ capacitor. The supply frequency is 50 Hz. The p.d across the coil is found to be equal to the p.d across the capacitor.
Calculate the resistance and inductance of the coil",4,calculation,medium,false,,,"Power factor, Inductance, Capacitance, Series circuit, AC circuit analysis",,extracted
cc40af3e,CIRCUIT THEORY EEE 203 (1).pdf,EEE 203,CIRCUIT ANALYSIS I,KENYATTA UNIVERSITY,2015,1,End of Semester,QUESTION FOUR a),"A voltage of $230 \angle 30^\circ$ V is applied to two circuits connected in parallel. The current in the branches are $20 \angle 60^\circ A$ and $40 \angle -30^\circ A$.
Find
i) The total impedance of the circuit
ii) Active and apparent power of each branch",3,calculation,medium,false,,,"Impedance, Active power, Apparent power, AC parallel circuits",,extracted
520bda2c,CIRCUIT THEORY EEE 203 (1).pdf,EEE 203,CIRCUIT ANALYSIS I,KENYATTA UNIVERSITY,2015,1,End of Semester,QUESTION FOUR b),"Two impedances $Z_1 = 2 + j3$ and $Z_2 = 3-j4$ are connected in parallel across 250V, 50Hz supply.
Calculate
i) The current in each branch
ii) The line current
iii) Circuit p.f
iv) Power taken by the circuit",2,calculation,medium,false,,,"Impedance, Current, Power factor, Power, AC parallel circuits",,extracted
500b0972,CIRCUIT THEORY EEE 203 (1).pdf,EEE 203,CIRCUIT ANALYSIS I,KENYATTA UNIVERSITY,2015,1,End of Semester,QUESTION ONE a,"Describe
i) Ohms Law
ii) Kirchhoff's Current and voltage laws
iii) The concept of EMF and potential difference",3,explanation,easy,false,,,"Ohm's Law, Kirchhoff's Current Law, Kirchhoff's Voltage Law, EMF, Potential difference",,extracted
af495b13,CIRCUIT THEORY EEE 203 (1).pdf,EEE 203,CIRCUIT ANALYSIS I,KENYATTA UNIVERSITY,2015,1,End of Semester,QUESTION ONE b,"While applying Kirchhoff's second law to closed circuit, it is important to assign proper sign to EMFs and voltage drops in the closed circuit.
i) When is an Emf labeled positive?
ii) When is an IR drop across a resistor labeled negative?",2,explanation,medium,false,,,"Kirchhoff's Voltage Law, EMF, Voltage drop, Sign convention",,extracted
c79bdf44,CIRCUIT THEORY EEE 203 (1).pdf,EEE 203,CIRCUIT ANALYSIS I,KENYATTA UNIVERSITY,2015,1,End of Semester,QUESTION ONE c,"A coil of resistance 100 $\Omega$ and inductance 0.15H is connected to a 250V, 50HZ Supply.
Calculate the capacitance to be connected in parallel with the coil so that overall p.f is unity",4,calculation,medium,false,,,"Capacitance, Inductance, Power Factor Correction, AC circuit analysis",,extracted
ec36aac6,CIRCUIT THEORY EEE 203 (1).pdf,EEE 203,CIRCUIT ANALYSIS I,KENYATTA UNIVERSITY,2015,1,End of Semester,QUESTION ONE d,Calculate the value of the unknown resistance in Fig 1(d ). The voltage drop across the first 500$\Omega$ is 2.5V.,5,calculation,medium,true,dataset/diagrams/CIRCUIT_THEORY_EEE_203__1__pdf_QUESTION_ONE_d_ec36aac6.jpg,Resistive circuit with unknown resistance,"Resistance, Voltage drop, Circuit analysis",,extracted
cb25b829,CIRCUIT THEORY EEE 203 (1).pdf,EEE 203,CIRCUIT ANALYSIS I,KENYATTA UNIVERSITY,2015,1,End of Semester,QUESTION ONE e,"Determine the value of the resistance R that is needed to have the current I to lag behind the applied voltage V by $90^\circ$ in the circuit shown in Fig 1 (e), where $Z_1 = 30 + j100 \Omega$ $Z_R = 50 + j150 \Omega$",6,calculation,medium,true,dataset/diagrams/CIRCUIT_THEORY_EEE_203__1__pdf_QUESTION_ONE_e_cb25b829.jpg,Circuit with impedance with voltage and current lagging at 90 degrees,"Impedance, Phase angle, AC circuit analysis",,extracted
fb1bff98,CIRCUIT THEORY EEE 203 (1).pdf,EEE 203,CIRCUIT ANALYSIS I,KENYATTA UNIVERSITY,2015,1,End of Semester,QUESTION TWO a,"Explain the terminologies in dc networks
i) Active element
ii) Passive element
iii) Node
iv) Junction
v) Loop",1,explanation,easy,false,,,"Active element, Passive element, Node, Junction, Loop, DC networks",,extracted
0a377017,CIRCUIT THEORY EEE 203 (1).pdf,EEE 203,CIRCUIT ANALYSIS I,KENYATTA UNIVERSITY,2015,1,End of Semester,FIVE(a),"Define the following terminologies:
i) Impedance
ii) Admittance
iii) Conductance
iv) Susceptance",5,explanation,easy,false,,,,,extracted
7149e353,CIRCUIT THEORY EEE 203 (1).pdf,EEE 203,CIRCUIT ANALYSIS I,KENYATTA UNIVERSITY,2015,1,End of Semester,FIVE(b),Show how they relate to each other and indicate their units,2,explanation,medium,false,,,,,extracted
ea53f63f,CIRCUIT THEORY EEE 203 (1).pdf,EEE 203,CIRCUIT ANALYSIS I,KENYATTA UNIVERSITY,2015,1,End of Semester,FIVE(c),"A 230V, 50Hz a.c. supply is applied to a coil of 0.06H inductance and 2.5$\Omega$ resistance connected in series with a 6.8$\mu$F capacitor.
Calculate
i) Impedance
ii) Current
iii) Phase angle between current and voltage
iv) Power factor
v) Power consumed",7,calculation,medium,false,,,"impedance, current, phase angle, power factor, power",,extracted
47dc2f6f,CIRCUIT THEORY EEE 203 (1).pdf,EEE 203,CIRCUIT ANALYSIS I,KENYATTA UNIVERSITY,2015,1,End of Semester,FIVE(d),"A single phase motor operating off a 400V, 50Hz supply is developing 10kw with an efficiency of 84% and Power factor of 0.7 lagging
Calculate",2,calculation,medium,false,,,"power, efficiency, power factor",,extracted
d242e5c1,CIRCUIT THEORY EEE 203 (1).pdf,EEE 203,CIRCUIT ANALYSIS I,KENYATTA UNIVERSITY,2015,1,End of Semester,FIVE(e),A) The input apparent power,2,calculation,medium,false,,,apparent power,,extracted
8be4713c,CIRCUIT THEORY EEE 203 (1).pdf,EEE 203,CIRCUIT ANALYSIS I,KENYATTA UNIVERSITY,2015,1,End of Semester,FIVE(f),The active and reactive component of current,2,calculation,medium,false,,,"active current, reactive current",,extracted
5cea59c7,CIRCUIT THEORY EEE 203 (1).pdf,EEE 203,CIRCUIT ANALYSIS I,KENYATTA UNIVERSITY,2015,1,End of Semester,FIVE(g),The reactive power (in kilovars),2,calculation,medium,false,,,reactive power,,extracted
fc9feb7a,CIRCUIT THEORY EEE 203 (1).pdf,EEE 203,CIRCUIT ANALYSIS I,KENYATTA UNIVERSITY,2015,1,End of Semester,1,"Using superposition theorem find the currents in the different branches of the network.
All resistances area in Ohms.",6,calculation,medium,true,dataset/diagrams/CIRCUIT_THEORY_EEE_203__1__pdf_1_fc9feb7a.jpg,circuit,superposition theorem,,extracted
b49d319f,CIRCUIT THEORY EEE 203 (1).pdf,EEE 203,CIRCUIT ANALYSIS I,KENYATTA UNIVERSITY,2015,1,End of Semester,Three(a),"State the following
i) Thevenins theorem.
ii) Norton's theorem.",6,explanation,easy,false,,,"Thevenin theorem, Norton's theorem",,extracted
0b072c10,CIRCUIT THEORY EEE 203 (1).pdf,EEE 203,CIRCUIT ANALYSIS I,KENYATTA UNIVERSITY,2015,1,End of Semester,Three(b),"Using Nortons theorem, find the current in the branch AB containing 6$\Omega$ resistor of the network shown in Fig 3(b)",6,calculation,medium,true,dataset/diagrams/CIRCUIT_THEORY_EEE_203__1__pdf_Three_b__0b072c10.jpg,Circuit diagram,Norton's theorem,,extracted
ff5d73ac,CIRCUIT THEORY EEE 203 (1).pdf,EEE 203,CIRCUIT ANALYSIS I,KENYATTA UNIVERSITY,2015,1,End of Semester,Three(c),"A resistance of 6$\Omega$ and an inductance of 0.03H is connected across a 50V, 60Hz supply.
Calculate
i) The current
ii) The phase angle between current and applied voltage.
iii) The apparent power.
iv) Active power.",8,calculation,medium,false,,,"series RL circuit, current, phase angle, apparent power, active power",,extracted
f3f7c889,CIRCUIT THEORY EEE 203 (1).pdf,EEE 203,CIRCUIT ANALYSIS I,KENYATTA UNIVERSITY,2015,1,End of Semester,Four(a),"Explain the following a.c. terminologies
i) Cycle
ii) Frequency
iii) Amplitude
iv) RMS value of sinusoidal current",6,explanation,easy,false,,,AC terminology,,extracted
98820c23,CIRCUIT THEORY EEE 203 (1).pdf,EEE 203,CIRCUIT ANALYSIS I,KENYATTA UNIVERSITY,2015,1,End of Semester,Four(b),"i) Explain the difference between Thevenin's and Norton's theorems.
ii) The reasons why sinusoidal wave rather than square or triangle wave is chosen for Generation and Transmission of power",6,explanation,medium,false,,,"Thevenin theorem, Norton's theorem, AC waveforms",,extracted
3ac71e00,CIRCUIT THEORY EEE 203 (1).pdf,EEE 203,CIRCUIT ANALYSIS I,KENYATTA UNIVERSITY,2015,1,End of Semester,Four(c),Determine the load current in the branch EF in the circuit shown. Fig(c). Use star/delta transformation,8,calculation,medium,true,dataset/diagrams/CIRCUIT_THEORY_EEE_203__1__pdf_Four_c__3ac71e00.jpg,Circuit diagram,"star-delta transformation, load current",,extracted
1c81f3bc,CIRCUIT THEORY EEE 203 (1).pdf,EEE 203,CIRCUIT ANALYSIS I,KENYATTA UNIVERSITY,2015,1,End of Semester,1(a),"Explain the following terminologies used in current electricity
i) Electric power
ii) Electrical Energy
iii) Concept of EMF and potential difference",7,explanation,easy,false,,,"electric power, electrical energy, EMF, potential difference",,extracted
2c37adcc,CIRCUIT THEORY EEE 203 (1).pdf,EEE 203,CIRCUIT ANALYSIS I,KENYATTA UNIVERSITY,2015,1,End of Semester,1(b),"A battery has an emf of 12.8 Volts and supplies a current of 3.24 A.
Calculate i) the resistance of the circuit
ii) How many coulombs leave the battery in 5 minutes.",5,calculation,easy,false,,,"resistance, coulombs",,extracted
a9747369,CIRCUIT THEORY EEE 203 (1).pdf,EEE 203,CIRCUIT ANALYSIS I,KENYATTA UNIVERSITY,2015,1,End of Semester,1(c),"Analyze the special case of two resistors in a parallel circuit
i) Total resistance ($R_T$)
ii) Branch currents",4,explanation,medium,false,,,"parallel resistors, total resistance, branch currents",,extracted
d3d17ecc,CIRCUIT THEORY EEE 203 (1).pdf,EEE 203,CIRCUIT ANALYSIS I,KENYATTA UNIVERSITY,2015,1,End of Semester,1(d),A 50-Ohm resistor is in parallel with a 100-ohm resistor. The current in 50$\Omega$ resistor is 7.2 A. What is the value of third resitance to be added in parallel to make the line current 12.1A.,4,calculation,medium,false,,,"parallel resistors, current division",,extracted
61ca67f6,CIRCUIT THEORY EEE 203 (1).pdf,EEE 203,CIRCUIT ANALYSIS I,KENYATTA UNIVERSITY,2015,1,End of Semester,1(e),When a resistor is placed across a 230V supply the current is 12A. What is the value of a resistor that must be placed in parallel to increase the load current to 16A.,4,calculation,medium,false,,,"parallel resistors, current division",,extracted
57a13996,CIRCUIT THEORY EEE 203 (1).pdf,EEE 203,CIRCUIT ANALYSIS I,KENYATTA UNIVERSITY,2015,1,End of Semester,1(f),Using Kirchhoff's laws find the currents through various resistors in the circuit.,6,calculation,medium,true,dataset/diagrams/CIRCUIT_THEORY_EEE_203__1__pdf_1_f__57a13996.jpg,circuit diagram,Kirchhoff's laws,,extracted
a96755fa,CIRCUIT THEORY EEE 203 (1).pdf,EEE 203,CIRCUIT ANALYSIS I,KENYATTA UNIVERSITY,2015,1,End of Semester,Two(a),"Explain the following terms in circuit analysis
i) Superposition theorem
ii) Kirchhoff's laws
iii) Signs of EMFs and voltage drops.",8,explanation,medium,false,,,"superposition theorem, Kirchhoff's laws, EMF, voltage drop",,extracted
ade19179,CIRCUIT THEORY EEE 203 (1).pdf,EEE 203,CIRCUIT ANALYSIS I,KENYATTA UNIVERSITY,2015,1,End of Semester,Two(b),Using Kirchhoff's laws. Find the current in various resistors in the circuit shown.,6,calculation,medium,true,dataset/diagrams/CIRCUIT_THEORY_EEE_203__1__pdf_Two_b__ade19179.jpg,circuit diagram,Kirchhoff's laws,,extracted
7e22006c,CIRCUIT THEORY EEE 203 (2).pdf,EEE 203,CIRCUIT ANALYSIS I,KENYATTA UNIVERSITY,2015/2016,1,FIRST SEMESTER EXAMINATION,Q1(a),"Define the following terms, give their units and how they relate to each other.
i) Capacitance (C)
ii) Inductance (L)
iii) Impedance (Z)
iv) Power factor (p.f)",3,explanation,easy,false,,,"capacitance, inductance, impedance, power factor",,extracted
c023045c,CIRCUIT THEORY EEE 203 (2).pdf,EEE 203,CIRCUIT ANALYSIS I,KENYATTA UNIVERSITY,2015/2016,1,FIRST SEMESTER EXAMINATION,Q1(b),"i) State Kirchhoff’s laws as applied to dc circuits.
ii) applying Kirchhoff’s voltage law to a network path
    When is an emf labelled positive
IR drop across a resistor labelled positive",4,explanation,medium,false,,,"Kirchhoff's laws, KVL",,extracted
c9dd16ca,CIRCUIT THEORY EEE 203 (2).pdf,EEE 203,CIRCUIT ANALYSIS I,KENYATTA UNIVERSITY,2015/2016,1,FIRST SEMESTER EXAMINATION,Q1(c),"By using Kirchhoff’s laws, find the currents in various resistors in the circuit shown Fig 1(c)",6,calculation,medium,true,dataset/diagrams/CIRCUIT_THEORY_EEE_203__2__pdf_Q1_c__c9dd16ca.jpg,DC Circuit with Resistors and Voltage Sources,"KVL, KCL, circuit analysis",,extracted
7f3f44ac,CIRCUIT THEORY EEE 203 (2).pdf,EEE 203,CIRCUIT ANALYSIS I,KENYATTA UNIVERSITY,2015/2016,1,FIRST SEMESTER EXAMINATION,Q1(d),Calculate the value of the unknown resistor R in Fig. 1(d). The voltage drop across the 500 $\Omega$ resistor is 2.5v.,4,calculation,medium,true,dataset/diagrams/CIRCUIT_THEORY_EEE_203__2__pdf_Q1_d__7f3f44ac.jpg,Resistive DC circuit,"Ohm's Law, circuit analysis, series parallel circuits",,extracted
7f1b4119,CIRCUIT THEORY EEE 203 (2).pdf,EEE 203,CIRCUIT ANALYSIS I,KENYATTA UNIVERSITY,2015/2016,1,FIRST SEMESTER EXAMINATION,Q1(e),"Determine the value of the resistance $R$ that is needed to have the current $I$ to lag behind the applied voltage $V$ by 90° in the circuit shown.: (Fig 1(e), where $Z_1 = 30 + j100 \Omega$ and $Z_R = 50 + j150\Omega$",6,calculation,hard,true,dataset/diagrams/CIRCUIT_THEORY_EEE_203__2__pdf_Q1_e__7f1b4119.jpg,AC circuit with impedances and unknown resistance.,"AC Circuits, Impedance, Phase Lag",,extracted
1a0c26ac,CIRCUIT THEORY EEE 203 (2).pdf,EEE 203,CIRCUIT ANALYSIS I,KENYATTA UNIVERSITY,2015/2016,1,FIRST SEMESTER EXAMINATION,Q2(a),Define and then identify the following in the diagram Fig. 2(a),,explanation,easy,true,dataset/diagrams/CIRCUIT_THEORY_EEE_203__2__pdf_Q2_a__1a0c26ac.jpg,"AC circuit with resistors, capacitors, inductors, and voltage sources",circuit parameters,,extracted
84912e1b,CIRCUIT THEORY EEE 203 (2).pdf,EEE 203,CIRCUIT ANALYSIS I,KENYATTA UNIVERSITY,2015/2016,1,FIRST SEMESTER EXAMINATION,Q2(b),"Define the following
i) Electrical Power (1 mark)
ii) Electric Energy (1 mark)
iii) Conductance (1 mark)
",3,explanation,easy,false,,,"Electrical Power, Electric Energy, Conductance",,extracted
45f8f4e6,CIRCUIT THEORY EEE 203 (2).pdf,EEE 203,CIRCUIT ANALYSIS I,KENYATTA UNIVERSITY,2015/2016,1,FIRST SEMESTER EXAMINATION,Q2(c),"State
i) Thevenin's theorem (3 marks)
ii) Superposition theorem (3 marks)",6,explanation,medium,false,,,"Thevenin Theorem, Superposition Theorem",,extracted
661b497b,CIRCUIT THEORY EEE 203 (2).pdf,EEE 203,CIRCUIT ANALYSIS I,KENYATTA UNIVERSITY,2015/2016,1,FIRST SEMESTER EXAMINATION,Q2(d),In the network shown Fig 2(c) find the different branch currents by superposition theorem.,5,calculation,medium,true,dataset/diagrams/CIRCUIT_THEORY_EEE_203__2__pdf_Q2_d__661b497b.jpg,DC circuit with two voltage source and three resistors,"DC Network, Superposition Theorem",,extracted
de35f937,CIRCUIT THEORY EEE 203 (2).pdf,EEE 203,CIRCUIT ANALYSIS I,KENYATTA UNIVERSITY,2015/2016,1,FIRST SEMESTER EXAMINATION,Q3(a),"Define these terms used in circuit analysis
i) Resistance (R) (2 marks)
ii) Capacitance (C) (2 marks)
iii) Inductance (L) (2 marks)
Show how they relate to each other (3 marks)",9,explanation,medium,false,,,"Resistance, Capacitance, Inductance",,extracted
09a58e7b,CIRCUIT THEORY EEE 203 (2).pdf,EEE 203,CIRCUIT ANALYSIS I,KENYATTA UNIVERSITY,2015/2016,1,FIRST SEMESTER EXAMINATION,Q3(b),"A coil of p.f 0.8 is connected in series with a 110$\mu F$ Capacitor. The frequency is 50$\,H_z$. The p.d across the coil is found to be equal to the p.d across the capacitor, Calculate the resistance and inductance of the coil",5,calculation,medium,false,,,"Power Factor, Series RLC Circuit",,extracted
6047b67c,CIRCUIT THEORY EEE 203 (2).pdf,EEE 203,CIRCUIT ANALYSIS I,KENYATTA UNIVERSITY,2015/2016,1,FIRST SEMESTER EXAMINATION,Q3(c),"Using Norton's theorem, find the current flowing in the branch AB containing 6$\Omega$ of the network in the Figure 4 (c)",6,calculation,medium,true,dataset/diagrams/CIRCUIT_THEORY_EEE_203__2__pdf_Q3_c__6047b67c.jpg,DC circuit with two voltage sources and four resistors,"Norton's Theorem, DC Circuit",,extracted
28a33873,CIRCUIT THEORY EEE 203 (2).pdf,EEE 203,CIRCUIT ANALYSIS I,KENYATTA UNIVERSITY,2015/2016,1,FIRST SEMESTER EXAMINATION,Q4(i),Explain The three main methods of solving A.C Parallel circuits,3,explanation,easy,false,,,AC Parallel Circuits,,extracted
387190e6,CIRCUIT THEORY EEE 203 (2).pdf,EEE 203,CIRCUIT ANALYSIS I,KENYATTA UNIVERSITY,2015/2016,1,FIRST SEMESTER EXAMINATION,Q4(ii),Explain the converse of Thevenin's theorem,3,explanation,medium,false,,,Thevenin theorem,,extracted
709ebfe6,CIRCUIT THEORY EEE 203 (2).pdf,EEE 203,CIRCUIT ANALYSIS I,KENYATTA UNIVERSITY,2015/2016,1,FIRST SEMESTER EXAMINATION,Q4(iii),When is it appropriate to use Star/Delta Transformation,2,explanation,easy,false,,,Delta-star transform,,extracted
c24831e6,CIRCUIT THEORY EEE 203 (2).pdf,EEE 203,CIRCUIT ANALYSIS I,KENYATTA UNIVERSITY,2015/2016,1,FIRST SEMESTER EXAMINATION,Q4(a),"A voltage of 230 $\angle 30° \,V$ is applied to two circuits connected in parallel. The current in the branches are 20 $\angle 60° \,A$ and 40 $\angle -30° \,A$. Find
i) The total impedance of the circuit (3 marks)
ii) Active and apparent power of each branch (2 marks)",5,calculation,medium,false,,,"Parallel circuits, AC circuit analysis, Impedance, Apparent power, Active power",,extracted
1d2b9c0a,CIRCUIT THEORY EEE 203 (2).pdf,EEE 203,CIRCUIT ANALYSIS I,KENYATTA UNIVERSITY,2015/2016,1,FIRST SEMESTER EXAMINATION,Q4(b),"Two impedances $Z_1 = 2 + j3$ and $Z_2 = 3-j4$ are connected in parallel across 250$\,V$, 50$\H_z$ supply. Calculate
i) The current in each branch (2 marks)
ii) The line current (2 marks)
iii) Circuit p.f (1 mark)
iv) Power taken by the circuit (2 marks)",7,calculation,medium,false,,,"AC circuits, Impedance, Current, Power Factor",,extracted
952eb623,CIRCUIT THEORY EEE 203 (2).pdf,EEE 203,CIRCUIT ANALYSIS I,KENYATTA UNIVERSITY,2015/2016,1,FIRST SEMESTER EXAMINATION,Q5(a),"Define the following terminologies
i) Impedance (2 marks)
ii) Admittance (1 mark)
iii) Conductance (1 mark)
iv) Susceptance (1 mark)
Show how they relate to each other and indicate their units (2 marks)",7,explanation,medium,false,,,"Impedance, Admittance, Conductance, Susceptance",,extracted
09be10d3,CIRCUIT THEORY EEE 203 (2).pdf,EEE 203,CIRCUIT ANALYSIS I,KENYATTA UNIVERSITY,2015/2016,1,FIRST SEMESTER EXAMINATION,Q5(b),"A 230$\,V$, 50$\,H_z$ a.c supply is applied to a coil of 0.06$\,H$ Inductance and 2.5$\Omega$ resistance connected in series with a 6.8 $\mu F$ capacitor. Calculate
i) Impedance (3 marks)
ii) Current (2 marks)
iii) Phase angle between current and voltage (1 mark)
iv) Power factor (1 mark)
v) Power consumed (1 mark)",8,calculation,medium,false,,,"AC Circuits, Series RLC, Impedance, Current, Power Factor",,extracted
79635844,CIRCUIT THEORY EEE 203 (2).pdf,EEE 203,CIRCUIT ANALYSIS I,KENYATTA UNIVERSITY,2015/2016,1,FIRST SEMESTER EXAMINATION,Q5(c),"A single phase motor operating off a 400$\,V$, 50$\,H_z$ supply is developing 10$\,kW$ with an efficiency of 84% and Power factor of 0.7 lagging",,other,medium,false,,,"Single Phase Motor, Power Factor, Efficiency",,extracted
9a6e26ae,CIRCUIT THEORY EEE 203 (2).pdf,EEE 203,CIRCUIT ANALYSIS I,KENYATTA UNIVERSITY,2015/2016,1,FIRST SEMESTER EXAMINATION,Q5(d),"Calculate
A) The input apparent power (2 marks)",2,calculation,medium,false,,,"Single Phase Motor, Apparent Power",,extracted
453b55d0,CIRCUIT THEORY EEE 203 (2).pdf,EEE 203,CIRCUIT ANALYSIS I,KENYATTA UNIVERSITY,2015/2016,1,FIRST SEMESTER EXAMINATION,Q5(e),"Calculate
f) The active and reactive component of current (2 marks)",2,calculation,medium,false,,,"Single Phase Motor, Active Current, Reactive Current",,extracted
fdb67aa6,CIRCUIT THEORY EEE 203 (2).pdf,EEE 203,CIRCUIT ANALYSIS I,KENYATTA UNIVERSITY,2015/2016,1,FIRST SEMESTER EXAMINATION,Q5(f),"Calculate
g) The reactive power (in kilovars) (2 marks)",2,calculation,medium,false,,,"Single Phase Motor, Reactive Power",,extracted
b355f1e1,CIRCUIT THEORY EEE 203 (2).pdf,EEE 203,CIRCUIT ANALYSIS I,KENYATTA UNIVERSITY,2015/2016,1,FIRST SEMESTER EXAMINATION,e,When a resistor is placed across a 230V supply the current is 12A. What is the value of a resistor that must be placed in parallel to increase the load current to 16A,4,calculation,medium,false,,,"parallel circuits, current division, Ohm's law, equivalent resistance",,extracted
21076fc5,CIRCUIT THEORY EEE 203 (2).pdf,EEE 203,CIRCUIT ANALYSIS I,KENYATTA UNIVERSITY,2015/2016,1,FIRST SEMESTER EXAMINATION,A,"A Battery has an emf of 12.8 Volts and supplies a current of 3.24 A.
Calculate i) the resistance of the circuit
ii) How many coulombs leave the battery in 5 minutes.",2,calculation,medium,false,,,"Ohm's Law, electric charge",,extracted
57c20d99,CIRCUIT THEORY EEE 203 (2).pdf,EEE 203,CIRCUIT ANALYSIS I,KENYATTA UNIVERSITY,2015/2016,1,FIRST SEMESTER EXAMINATION,c,"Analyze the special case of two resistors in a parallel circuit
i) Total resistance ($R_T$)
ii) Branch currents",2,explanation,medium,false,,,"parallel circuits, total resistance, branch currents",,extracted
6412fee6,CIRCUIT THEORY EEE 203 (2).pdf,EEE 203,CIRCUIT ANALYSIS I,KENYATTA UNIVERSITY,2015/2016,1,FIRST SEMESTER EXAMINATION,d,A 50-Ohm resistor is in parallel with a 100-ohm resistor. The current in 50 $\Omega$ resistor is 7.2 A. What is the value of third resistance to be added in parallel to make the line current 12.1A.,4,calculation,medium,false,,,"parallel circuits, current division",,extracted
b9f80cab,CIRCUIT THEORY EEE 203 (2).pdf,EEE 203,CIRCUIT ANALYSIS I,KENYATTA UNIVERSITY,2015/2016,1,FIRST SEMESTER EXAMINATION,f,Using Kirchhoff's laws find the currents through various resistors in the circuit.,6,calculation,medium,true,dataset/diagrams/CIRCUIT_THEORY_EEE_203__2__pdf_f_b9f80cab.jpg,DC circuit with resistors and voltage source,"KVL, KCL, mesh analysis",,extracted
526a85db,CIRCUIT THEORY EEE 203 (2).pdf,EEE 203,CIRCUIT ANALYSIS I,KENYATTA UNIVERSITY,2015/2016,1,FIRST SEMESTER EXAMINATION,Question Two a),"Explain the following terms in circuit analysis,
i) Superposition theorem.
ii) Kirchhoff’s laws
iii) Signs of emf’s and voltage drops.",2,explanation,easy,false,,,"superposition theorem, Kirchhoff's laws, EMF, voltage drops",,extracted
27e7d448,CIRCUIT THEORY EEE 203 (2).pdf,EEE 203,CIRCUIT ANALYSIS I,KENYATTA UNIVERSITY,2015/2016,1,FIRST SEMESTER EXAMINATION,b),"i) State Kirchoff's laws as applied to dc circuits. (4 Marks)
ii) When is an emf labelled positive :
IR drop across a resistor labelled positive (2 Marks)",6,explanation,easy,false,,,"Kirchhoff's Laws, EMF, Voltage drop",,extracted
ada5e99a,CIRCUIT THEORY EEE 203 (2).pdf,EEE 203,CIRCUIT ANALYSIS I,KENYATTA UNIVERSITY,2015/2016,1,FIRST SEMESTER EXAMINATION,c),"By Kirchoff's laws, find the currents in various resistors in the circuit shown Fig 1(c)",6,calculation,medium,true,dataset/diagrams/CIRCUIT_THEORY_EEE_203__2__pdf_c__ada5e99a.jpg,Circuit diagram (Fig 1(c)),"Kirchhoff's Laws, Circuit analysis, DC circuits",,extracted
e78ed983,CIRCUIT THEORY EEE 203 (2).pdf,EEE 203,CIRCUIT ANALYSIS I,KENYATTA UNIVERSITY,2015/2016,1,FIRST SEMESTER EXAMINATION,Question Three a),"State the following
i) Thevenin's theorem
ii) Norton's theorem.",3,explanation,easy,false,,,"Thevenin's theorem, Norton's theorem",,extracted
d8d83293,CIRCUIT THEORY EEE 203 (2).pdf,EEE 203,CIRCUIT ANALYSIS I,KENYATTA UNIVERSITY,2015/2016,1,FIRST SEMESTER EXAMINATION,Question Four,Question Four,,other,easy,false,,,,,extracted
ec5fb624,CIRCUIT THEORY EEE 203 (2).pdf,EEE 203,CIRCUIT ANALYSIS I,KENYATTA UNIVERSITY,2015/2016,1,FIRST SEMESTER EXAMINATION,a),"Define the following terms, show their units and how they relate to each other.
i) Capacitance (C) (3 Marks)
ii) Inductance (L) (3 Marks)
iii) Impedance (Z) (3 Marks)
iv) Power factor (p.f.) (3 Marks)",12,explanation,easy,false,,,"Capacitance, Inductance, Impedance, Power factor",,extracted
7449a757,CIRCUIT THEORY EEE 203 (2).pdf,EEE 203,CIRCUIT ANALYSIS I,KENYATTA UNIVERSITY,2015/2016,1,FIRST SEMESTER EXAMINATION,QUESTION ONE,QUESTION ONE,,other,easy,false,,,,,extracted
d333ffc7,CIRCUIT THEORY EEE 203 (2).pdf,EEE 203,CIRCUIT ANALYSIS I,KENYATTA UNIVERSITY,2015/2016,1,FIRST SEMESTER EXAMINATION,d),Calculate the value of the unknown resistor R in Fig. 1(d) The voltage drop across the 500$\Omega$ resistor is 2.5v.,4,calculation,medium,true,dataset/diagrams/CIRCUIT_THEORY_EEE_203__2__pdf_d__d333ffc7.jpg,Circuit diagram (Fig 1(d)),"Circuit analysis, Ohm's law, DC circuits",,extracted
eda72130,CIRCUIT THEORY EEE 203 (2).pdf,EEE 203,CIRCUIT ANALYSIS I,KENYATTA UNIVERSITY,2015/2016,1,FIRST SEMESTER EXAMINATION,QUESTION TWO,QUESTION TWO,,other,easy,false,,,,,extracted
6bb26713,CIRCUIT THEORY EEE 203 (2).pdf,EEE 203,CIRCUIT ANALYSIS I,KENYATTA UNIVERSITY,2015/2016,1,FIRST SEMESTER EXAMINATION,QUESTION THREE,QUESTION THREE:,,other,easy,false,,,,,extracted
053c197e,CIRCUIT THEORY EEE 203 (2).pdf,EEE 203,CIRCUIT ANALYSIS I,KENYATTA UNIVERSITY,2015/2016,1,FIRST SEMESTER EXAMINATION,UEST ION TWO,UEST ION TWO,,other,easy,false,,,,,extracted
8a161db6,CIRCUIT THEORY EEE 203 (2).pdf,EEE 203,CIRCUIT ANALYSIS I,KENYATTA UNIVERSITY,2015/2016,1,FIRST SEMESTER EXAMINATION,,Define and then identify the following in diagram Fig. (2a),,other,easy,true,dataset/diagrams/CIRCUIT_THEORY_EEE_203__2__pdf_None_8a161db6.jpg,circuit diagram,,,extracted
bbf61857,CIRCUIT THEORY EEE 203 (2).pdf,EEE 203,CIRCUIT ANALYSIS I,KENYATTA UNIVERSITY,2015/2016,1,FIRST SEMESTER EXAMINATION,Q(b),"A coil of resistance $10\Omega$ and inductance $0.1H$ is connected in series with a capacitor $150mF$ across a $200V$, $50Hz$ supply.
Calculate:
(i) Impedance
(ii) Power factor
(iii) Current
(iv) Voltage across coil
(v) Voltage across capacitor",8,calculation,medium,false,,,"Impedance, Power factor, AC circuits",,extracted
d8b54533,CIRCUIT THEORY EEE 203 (2).pdf,EEE 203,CIRCUIT ANALYSIS I,KENYATTA UNIVERSITY,2015/2016,1,FIRST SEMESTER EXAMINATION,Q(c),"Two impedances $Z_1 = (10+j5)\Omega$ and $Z_2 = (25-j10)\Omega$ are connected in parallel to a $100V$ 50Hz supply
Find (i) Circuit admittance
(ii) Circuit current
(iii) The phase angle between circuit current and applied voltage
(iv) Circuit p.f
(v) Power taken by the circuit",10,calculation,medium,false,,,"Admittance, Phasor analysis, AC circuits, Power factor",,extracted
679cd4c2,CIRCUIT THEORY EEE 203 (2).pdf,EEE 203,CIRCUIT ANALYSIS I,KENYATTA UNIVERSITY,2015/2016,1,FIRST SEMESTER EXAMINATION,QUESTION FOUR(a),"A voltage of $230\angle 30^o V$ is applied to two circuits connected in parallel. The current in the branches are $20\angle 60^o A$ and $40\angle -30^o A$.
Find
i) The total impedance of the circuit
ii) Active and apparent power of each branch",6,calculation,medium,false,,,"Impedance, Active power, Apparent power, Phasor analysis",,extracted
d419cde7,CIRCUIT THEORY EEE 203 (2).pdf,EEE 203,CIRCUIT ANALYSIS I,KENYATTA UNIVERSITY,2015/2016,1,FIRST SEMESTER EXAMINATION,QUESTION FOUR(b),"Two impedances $Z_1 = 2 + j3$ and $Z_2 = 3-j4$ are connected in parallel across 250V, 50Hz supply.
Calculate
i) The current in each branch
ii) The line current
iii) Circuit p.f
iv) Power taken by the circuit",7,calculation,medium,false,,,"Impedance, Parallel circuit, Current, Power factor, Power",,extracted
0af1489e,CIRCUIT THEORY EEE 203 (2).pdf,EEE 203,CIRCUIT ANALYSIS I,KENYATTA UNIVERSITY,2015/2016,1,FIRST SEMESTER EXAMINATION,QUESTION FIVE,"A coil of p.f 0.8 is connected in series with a $110\mu F$ capacitor. The supply frequency is 50 Hz. The p.d across the coil is found to be equal to the p.d across the capacitor.
Calculate the resistance and inductance of the coil",4,calculation,medium,false,,,"Power factor, RLC circuit, AC circuits",,extracted
2c7a450f,CIRCUIT THEORY EEE 203 (2).pdf,EEE 203,CIRCUIT ANALYSIS I,KENYATTA UNIVERSITY,2015/2016,1,FIRST SEMESTER EXAMINATION,QUESTION ONE(a),"Describe
i) Ohms Law
ii) Kirchhoff's Current and voltage laws
iii) The concept of EMF and potential difference",11,explanation,easy,false,,,"Ohm's Law, Kirchhoff's Laws, EMF, Potential difference",,extracted
61ab0097,CIRCUIT THEORY EEE 203 (2).pdf,EEE 203,CIRCUIT ANALYSIS I,KENYATTA UNIVERSITY,2015/2016,1,FIRST SEMESTER EXAMINATION,QUESTION ONE(b),"While applying Kirchhoff's second law to closed circuit, it is important to assign proper sign to EMFs and voltage drops in the closed circuit.
i) When is an Emf labeled positive?
ii) When is an IR drop across a resistor labeled negative?",4,explanation,easy,false,,,"Kirchhoff's Voltage Law, EMF, Voltage drop",,extracted
75cfd048,CIRCUIT THEORY EEE 203 (2).pdf,EEE 203,CIRCUIT ANALYSIS I,KENYATTA UNIVERSITY,2015/2016,1,FIRST SEMESTER EXAMINATION,QUESTION ONE(c),"A coil of resistance $100\Omega$ and inductance $0.15H$ is connected to a 250V, 50HZ Supply.
Calculate the capacitance to be connected in parallel with the coil so that overall p.f is unity",4,calculation,medium,false,,,"Parallel circuit, Power factor, Capacitance, Inductance",,extracted
e6d66786,CIRCUIT THEORY EEE 203 (2).pdf,EEE 203,CIRCUIT ANALYSIS I,KENYATTA UNIVERSITY,2015/2016,1,FIRST SEMESTER EXAMINATION,QUESTION ONE(d),Calculate the value of the unknown resistance in Fig 1(d ). The voltage drop across the first $500\Omega$ is 2.5V.,5,calculation,medium,true,dataset/diagrams/CIRCUIT_THEORY_EEE_203__2__pdf_QUESTION_ONE_d__e6d66786.jpg,Resistor circuit,"Resistance, Voltage drop, Circuit analysis",,extracted
0f0f5fd7,CIRCUIT THEORY EEE 203 (2).pdf,EEE 203,CIRCUIT ANALYSIS I,KENYATTA UNIVERSITY,2015/2016,1,FIRST SEMESTER EXAMINATION,QUESTION ONE(f),"Determine the value of the resistance R that is needed to have the current I to lag behind the applied voltage V by $90^0$ in the circuit shown in Fig 1(e), where $Z_1 = 30 + j100\Omega$  $Z_2 = 50 + j150\Omega$",6,calculation,hard,true,dataset/diagrams/CIRCUIT_THEORY_EEE_203__2__pdf_QUESTION_ONE_f__0f0f5fd7.jpg,AC Circuit,"Impedance, Phase angle, Circuit analysis",,extracted
f91bb699,CIRCUIT THEORY EEE 203 (2).pdf,EEE 203,CIRCUIT ANALYSIS I,KENYATTA UNIVERSITY,2015/2016,1,FIRST SEMESTER EXAMINATION,QUESTION TWO(a),"Explain the terminologies in dc networks
i) Active element
ii) Passive element
iii) Node
iv) Junction
v) Loop",7,explanation,easy,false,,,"Active element, Passive element, Node, Junction, Loop, DC networks",,extracted
b5941e33,CIRCUIT THEORY EEE 203.pdf,EEE 203,CIRCUIT ANALYSIS I,KENYATTA UNIVERSITY,2015,1,FIRST SEMESTER EXAMINATION,Q1(a),"Explain the following terminologies used in current electricity.
i) Electric power
ii) Electrical Energy
iii) Concept of EMF and potential difference",7,explanation,easy,false,,,,,extracted
3bd22277,CIRCUIT THEORY EEE 203.pdf,EEE 203,CIRCUIT ANALYSIS I,KENYATTA UNIVERSITY,2015,1,FIRST SEMESTER EXAMINATION,Q1(b),"A battery has an emf of 12.8 Volts and supplies a current of 3.24 A.
Calculate i) the resistance of the circuit
ii) How many coulombs leave the battery in 5 minutes.",5,calculation,medium,false,,,,,extracted
61b96fd7,CIRCUIT THEORY EEE 203.pdf,EEE 203,CIRCUIT ANALYSIS I,KENYATTA UNIVERSITY,2015,1,FIRST SEMESTER EXAMINATION,Q1(c),"Analyze the special case of two resistors in a parallel circuit
i) Total resistance $(R_T)$
ii) Branch currents",4,derivation,medium,false,,,"parallel resistors, current divider",,extracted
f30724d6,CIRCUIT THEORY EEE 203.pdf,EEE 203,CIRCUIT ANALYSIS I,KENYATTA UNIVERSITY,2015,1,FIRST SEMESTER EXAMINATION,Q1(d),A 50-Ohm resistor is in parallel with a 100-ohm resistor. The current in 50$\Omega$ resistor is 7.2 A. What is the value of third resistance to be added in parallel to make the line current 12.1A.,4,calculation,medium,false,,,"parallel resistors, KCL",,extracted
eaaa7172,CIRCUIT THEORY EEE 203.pdf,EEE 203,CIRCUIT ANALYSIS I,KENYATTA UNIVERSITY,2015,1,FIRST SEMESTER EXAMINATION,Q1(e),When a resistor is placed across a 230V supply the current is 12A. What is the value of  a resistor that must be placed in parallel to increase the load current to 16A.,4,calculation,medium,false,,,"parallel resistors, KCL",,extracted
780987e2,CIRCUIT THEORY EEE 203.pdf,EEE 203,CIRCUIT ANALYSIS I,KENYATTA UNIVERSITY,2015,1,FIRST SEMESTER EXAMINATION,Q2(a),"Explain the terminologies in dc networks
i) Active element
ii) Passive element
iii) Node
iv) Junction
v) Loop",7,explanation,easy,false,,,"active element, passive element, node, junction, loop, circuit analysis",,extracted
806ceea7,CIRCUIT THEORY EEE 203.pdf,EEE 203,CIRCUIT ANALYSIS I,KENYATTA UNIVERSITY,2015,1,FIRST SEMESTER EXAMINATION,Q2(b),(b) Calculate currents in the 20$Ω$ resistor in fig 2(b),5,calculation,medium,true,dataset/diagrams/CIRCUIT_THEORY_EEE_203_pdf_Q2_b__806ceea7.jpg,Circuit diagram with resistors and voltage source. Calculate current through 20 ohm resistor.,"Circuit analysis, Kirchhoff's laws, Current calculation",,extracted
7843c989,CIRCUIT THEORY EEE 203.pdf,EEE 203,CIRCUIT ANALYSIS I,KENYATTA UNIVERSITY,2015,1,FIRST SEMESTER EXAMINATION,Q2(c),"(c) Determine the currents $I_1, I_2, I_3$ flowing in the circuit Fig 2(c).",5,calculation,medium,true,dataset/diagrams/CIRCUIT_THEORY_EEE_203_pdf_Q2_c__7843c989.jpg,"Circuit diagram with resistors and voltage source. Determine currents I1, I2, I3.","Circuit analysis, Kirchhoff's laws, Current calculation",,extracted
e2a9a353,CIRCUIT THEORY EEE 203.pdf,EEE 203,CIRCUIT ANALYSIS I,KENYATTA UNIVERSITY,2015,1,FIRST SEMESTER EXAMINATION,Q2(d),In the network shown Fig 2(c) find the different branch currents by superposition theorem.,5,calculation,medium,true,dataset/diagrams/CIRCUIT_THEORY_EEE_203_pdf_Q2_d__e2a9a353.jpg,simple circuit with two voltage sources,"Superposition Theorem, DC Circuits, Mesh Analysis, Nodal Analysis",,extracted
08feb7c3,CIRCUIT THEORY EEE 203.pdf,EEE 203,CIRCUIT ANALYSIS I,KENYATTA UNIVERSITY,2015,1,FIRST SEMESTER EXAMINATION,Q3(a),"State the following theorems
(i) Nortons theorem
(ii) Superposition theorem
(iii) Maxwells mesh current method",3,explanation,easy,false,,,"Norton theorem, Superposition theorem, Mesh analysis",,extracted
2e7f616d,CIRCUIT THEORY EEE 203.pdf,EEE 203,CIRCUIT ANALYSIS I,KENYATTA UNIVERSITY,2015,1,FIRST SEMESTER EXAMINATION,Q3(b),"A coil of resistance $10 \Omega$ and inductance $0.1H$ is connected in series with a capacitor 150mF across a 200V, 50Hz supply.
Calculate:
(i) Impedance
(ii) Power factor
(iii) Current
(iv) Voltage across coil
(v) Voltage across capacitor",8,calculation,medium,false,,,"impedance, power factor, AC circuits, series RLC",,extracted
927a9619,CIRCUIT THEORY EEE 203.pdf,EEE 203,CIRCUIT ANALYSIS I,KENYATTA UNIVERSITY,2015,1,FIRST SEMESTER EXAMINATION,Q3(c),"Two impedances $Z_1 = (10+j5) \Omega$ and $Z_2 = (25-j10) \Omega$ are connected in parallel to a 100V 50Hz supply
Find (i) Circuit admittance
(ii) Circuit current
(iii) The phase angle between circuit current and applied voltage
(iv) Circuit p.f
(v) Power taken by the circuit",10,calculation,medium,false,,,"admittance, parallel circuits, power factor, AC circuits",,extracted
4a7ac1b1,CIRCUIT THEORY EEE 203.pdf,EEE 203,CIRCUIT ANALYSIS I,KENYATTA UNIVERSITY,2015,1,FIRST SEMESTER EXAMINATION,Q4(a),"A voltage of $230 \angle 30^o$ V is applied to two circuits connected in parallel. The current in the branches are $20 \angle 60^o$ A and $40 \angle -30^o$ A.
Find
i) The total impedance of the circuit
ii) Active and apparent power of each branch",6,calculation,medium,false,,,"impedance, AC power, parallel circuits",,extracted
397fd985,CIRCUIT THEORY EEE 203.pdf,EEE 203,CIRCUIT ANALYSIS I,KENYATTA UNIVERSITY,2015,1,FIRST SEMESTER EXAMINATION,Q4(b),"Two impedances $Z_1 = 2 + j3$ and $Z_2 = 3-j4$ are connected in parallel across 250V, 50Hz supply.
Calculate
i) The current in each branch
ii) The line current
iii) Circuit p.f
iv) Power taken by the circuit",7,calculation,medium,false,,,"impedance, AC current, power factor, parallel circuits",,extracted
3441ce5a,CIRCUIT THEORY EEE 203.pdf,EEE 203,CIRCUIT ANALYSIS I,KENYATTA UNIVERSITY,2015,1,FIRST SEMESTER EXAMINATION,Q5(a),Show how they relate to each other and indicate their units,2,explanation,medium,false,,,,,extracted
4778a305,CIRCUIT THEORY EEE 203.pdf,EEE 203,CIRCUIT ANALYSIS I,KENYATTA UNIVERSITY,2015,1,FIRST SEMESTER EXAMINATION,Q5(b),"A 230V, 50Hz a.c. supply is applied to a coil of 0.06H Inductance and 2.5$\Omega$ resistance connected in series with a 6.8 $\mu$F capacitor.
Calculate
i) Impedance
ii) Current
iii) Phase angle between current and voltage
iv) Power factor
v) Power consumed",7,calculation,medium,false,,,"Impedance, AC circuits",,extracted
5592822c,CIRCUIT THEORY EEE 203.pdf,EEE 203,CIRCUIT ANALYSIS I,KENYATTA UNIVERSITY,2015,1,FIRST SEMESTER EXAMINATION,Q5(c),"A single phase motor operating off a 400V, 50Hz supply is developing 10kw with an efficiency of 84% and Power factor of 0.7 lagging",1,other,easy,false,,,,,extracted
8f005caf,CIRCUIT THEORY EEE 203.pdf,EEE 203,CIRCUIT ANALYSIS I,KENYATTA UNIVERSITY,2015,1,FIRST SEMESTER EXAMINATION,Q5(d),Calculate,,calculation,medium,false,,,,,extracted
5d4cd666,CIRCUIT THEORY EEE 203.pdf,EEE 203,CIRCUIT ANALYSIS I,KENYATTA UNIVERSITY,2015,1,FIRST SEMESTER EXAMINATION,Q5(e),A) The input apparent power,2,calculation,medium,false,,,,,extracted
fef0284f,CIRCUIT THEORY EEE 203.pdf,EEE 203,CIRCUIT ANALYSIS I,KENYATTA UNIVERSITY,2015,1,FIRST SEMESTER EXAMINATION,Q5(f),The active and reactive component of current,2,calculation,medium,false,,,,,extracted
c60cef7e,CIRCUIT THEORY EEE 203.pdf,EEE 203,CIRCUIT ANALYSIS I,KENYATTA UNIVERSITY,2015,1,FIRST SEMESTER EXAMINATION,Q4(c),Determine the load current in the branch CF in the circuit shown. Fig(c). Use star/delta transformation,8,calculation,medium,true,dataset/diagrams/CIRCUIT_THEORY_EEE_203_pdf_Q4_c__c60cef7e.jpg,Circuit showing voltage source and resistors. Find current in branch CF.,"Circuit analysis, Star-delta transformation, Load current",,extracted
e755c04b,CIRCUIT THEORY EEE 203.pdf,EEE 203,CIRCUIT ANALYSIS I,KENYATTA UNIVERSITY,2015,1,FIRST SEMESTER EXAMINATION,QUESTION TWO,Define and then identify the following in diagram Fig. (2a),,other,easy,true,dataset/diagrams/CIRCUIT_THEORY_EEE_203_pdf_QUESTION_TWO_e755c04b.jpg,A circuit diagram for definition and identification,Circuit diagrams,,extracted
3424ed25,CIRCUIT THEORY EEE 203.pdf,EEE 203,CIRCUIT ANALYSIS I,KENYATTA UNIVERSITY,2015,1,FIRST SEMESTER EXAMINATION,Q5,A coil of p.f 0.8 is connected in series with a $110\mu F$ capacitor. The supply frequency is 50 Hz. The p.d across the coil is found to be equal to the p.d across the capacitor. Calculate the resistance and inductance of the coil,4,calculation,medium,false,,,"power factor, series RLC, AC circuits, impedance",,extracted
14825695,CIRCUIT THEORY EEE 203.pdf,EEE 203,CIRCUIT ANALYSIS I,KENYATTA UNIVERSITY,2015,1,FIRST SEMESTER EXAMINATION,Q5(g),The reactive power (in kilovarors),2,calculation,medium,false,,,,,extracted
82a941bf,CIRCUIT THEORY EEE 203.pdf,EEE 203,CIRCUIT ANALYSIS I,KENYATTA UNIVERSITY,2015,1,FIRST SEMESTER EXAMINATION,Q,Using superposition theorem find the currents in the different branches of the network. All resistances area in Ohms.,6,calculation,medium,true,dataset/diagrams/CIRCUIT_THEORY_EEE_203_pdf_Q_82a941bf.jpg,Circuit diagram with two voltage sources and resistors,"superposition theorem, circuit analysis",,extracted
b085080c,CIRCUIT THEORY EEE 203.pdf,EEE 203,CIRCUIT ANALYSIS I,KENYATTA UNIVERSITY,2015,1,FIRST SEMESTER EXAMINATION,Question Three(a)(i),"State the following
Thevenin's theorem.",3,explanation,easy,false,,,Thevenin theorem,,extracted
fd79c157,CIRCUIT THEORY EEE 203.pdf,EEE 203,CIRCUIT ANALYSIS I,KENYATTA UNIVERSITY,2015,1,FIRST SEMESTER EXAMINATION,Question Three(a)(ii),Norton's theorem.,3,explanation,easy,false,,,Norton theorem,,extracted
75f40e0b,CIRCUIT THEORY EEE 203.pdf,EEE 203,CIRCUIT ANALYSIS I,KENYATTA UNIVERSITY,2015,1,FIRST SEMESTER EXAMINATION,Question Three(b),"Using Norton's theorem, find the current in the branch AB containing 6$\Omega$ resistor of the network shown in Fig 3(b)",6,calculation,medium,true,dataset/diagrams/CIRCUIT_THEORY_EEE_203_pdf_Question_Three_b__75f40e0b.jpg,circuit diagram with two voltage sources and resistors,"Norton theorem, circuit analysis",,extracted
2a1a6c61,CIRCUIT THEORY EEE 203.pdf,EEE 203,CIRCUIT ANALYSIS I,KENYATTA UNIVERSITY,2015,1,FIRST SEMESTER EXAMINATION,Question Three(c),"A resistance of 6 $\Omega$ and an inductance of 0.03H is connected across a 50V, 60Hz supply.
Calculate
i) The current
ii) The phase angle between current and applied voltage.
iii) The apparent power.
iv) Active power.",8,calculation,medium,false,,,"AC circuits, phasors, power factor",,extracted
77568c38,CIRCUIT THEORY EEE 203.pdf,EEE 203,CIRCUIT ANALYSIS I,KENYATTA UNIVERSITY,2015,1,FIRST SEMESTER EXAMINATION,Question Four(a)(i),"Explain the following a.c. terminologies:
Cycle",1,explanation,easy,false,,,"AC circuits, definitions",,extracted
f2b08a90,CIRCUIT THEORY EEE 203.pdf,EEE 203,CIRCUIT ANALYSIS I,KENYATTA UNIVERSITY,2015,1,FIRST SEMESTER EXAMINATION,Question Four(a)(ii),Frequency,1,explanation,easy,false,,,"AC circuits, definitions",,extracted
4349a6a1,CIRCUIT THEORY EEE 203.pdf,EEE 203,CIRCUIT ANALYSIS I,KENYATTA UNIVERSITY,2015,1,FIRST SEMESTER EXAMINATION,Question Four(a)(iii),Amplitude,2,explanation,easy,false,,,"AC circuits, definitions",,extracted
45f3099e,CIRCUIT THEORY EEE 203.pdf,EEE 203,CIRCUIT ANALYSIS I,KENYATTA UNIVERSITY,2015,1,FIRST SEMESTER EXAMINATION,Question Four(a)(iv),RMS value of sinusoidal current,2,explanation,easy,false,,,"AC circuits, RMS value",,extracted
de17f678,CIRCUIT THEORY EEE 203.pdf,EEE 203,CIRCUIT ANALYSIS I,KENYATTA UNIVERSITY,2015,1,FIRST SEMESTER EXAMINATION,Question Four(b)(i),Explain the difference between Thevenin's and Norton's theorems.,3,explanation,medium,false,,,"Thevenin theorem, Norton theorem",,extracted
bd4d1c33,CIRCUIT THEORY EEE 203.pdf,EEE 203,CIRCUIT ANALYSIS I,KENYATTA UNIVERSITY,2015,1,FIRST SEMESTER EXAMINATION,Question Four(b)(ii),The reasons why sinusoidal wave rather than square or triangle wave is chosen for Generation and Transmission of power,3,explanation,medium,false,,,AC power transmission,,extracted
00bfb559,CIRCUIT THEORY EEE 203.pdf,EEE 203,CIRCUIT ANALYSIS I,KENYATTA UNIVERSITY,2015,1,FIRST SEMESTER EXAMINATION,Question Four(c),Determine the load current in the branch EF in the circuit shown. Fig(c). Use star/delta transformation,8,calculation,medium,true,dataset/diagrams/CIRCUIT_THEORY_EEE_203_pdf_Question_Four_c__00bfb559.jpg,circuit diagram with resistors and a voltage source,"star-delta transformation, circuit analysis",,extracted
90aefcc4,CIRCUIT THEORY EEE 203.pdf,EEE 203,CIRCUIT ANALYSIS I,KENYATTA UNIVERSITY,2015,1,FIRST SEMESTER EXAMINATION,Answer question 1 and any other 2,Answer question 1 and any other 2,,other,easy,false,,,,,extracted
e80fecf8,CIRCUIT THEORY EEE 203.pdf,EEE 203,CIRCUIT ANALYSIS I,KENYATTA UNIVERSITY,2015,1,FIRST SEMESTER EXAMINATION,Q1(f),Using Kirchhoff's laws find the currents through various resistors in the circuit.,6,calculation,medium,true,dataset/diagrams/CIRCUIT_THEORY_EEE_203_pdf_Q1_f__e80fecf8.jpg,circuit diagram with resistors and batteries,"Kirchoff's laws, KVL, KCL",,extracted
0efdf321,CIRCUIT THEORY EEE 203.pdf,EEE 203,CIRCUIT ANALYSIS I,KENYATTA UNIVERSITY,2015,1,FIRST SEMESTER EXAMINATION,Question Two(a),"Explain the following terms in circuit analysis.
i) Superposition theorem
ii) Kirchhoff's laws
iii) Signs of EMFs and voltage drops.",8,explanation,medium,false,,,"superposition theorem, Kirchhoff's laws, KVL, KCL",,extracted
d3867108,CIRCUIT THEORY EEE 203.pdf,EEE 203,CIRCUIT ANALYSIS I,KENYATTA UNIVERSITY,2015,1,FIRST SEMESTER EXAMINATION,Question Two(b),"Using Kirchhoff's laws. 
Find the current in various resistors in the circuit shown.",6,calculation,medium,true,dataset/diagrams/CIRCUIT_THEORY_EEE_203_pdf_Question_Two_b__d3867108.jpg,circuit diagram with two voltage sources and several resistors,"Kirchoff's laws, KVL, KCL",,extracted
28e83228,COMPUTER PROGRAMMING EEE 202.pdf,EEE 202,COMPUTER PROGRAMMING II,KENYATTA UNIVERSITY,2019,1,FIRST SEMESTER EXAMINATION,Question One,"a) Say you've been hired by Microsoft to write a compiler for C++, a new language that's just like C++, except that Microsoft can add whatever new language features it wants without the trouble of going through a standards body. One of your co-workers proposes a solution to the problem of C++ exceptions causing memory leaks. She suggests that when an exception thrown in C*, the language is smart enough to call delete or delete[] (as appropriate) on every pointer it encounters as it unwinds the stack. In other words, stack-based objects are destructed just like in C++, but pointers are deleted.
Describe briefly why this is a bad idea.",4,explanation,medium,false,,,"C++, Compiler, Exceptions, Memory leaks, Pointers",,extracted
47030c36,COMPUTER PROGRAMMING EEE 202.pdf,EEE 202,COMPUTER PROGRAMMING II,KENYATTA UNIVERSITY,2019,1,FIRST SEMESTER EXAMINATION,Q1(b),"Write a C++ function to compute $x^n$ using a recursive function. Your program should consist of the main function from which the user is requested for inputs, $x$ and $n$, and an additional function, f_recursive(), that implements $x^n$. A part of the algorithm for $x^n$ is as shown below:
If n is equal to 0 then return 1;
If n is equal to 1 then return x;
If n is even then ...
If n is odd then ...",4,design,medium,false,,,"C++, Recursion, Function, Algorithm",,extracted
f6a70fae,COMPUTER PROGRAMMING EEE 202.pdf,EEE 202,COMPUTER PROGRAMMING II,KENYATTA UNIVERSITY,2019,1,FIRST SEMESTER EXAMINATION,Q1(c),"Explain the terms object, class, methods, and instant variables as used in C++ programming.",4,explanation,easy,false,,,"C++, Object, Class, Methods, Variables",,extracted
1feca1ec,COMPUTER PROGRAMMING EEE 202.pdf,EEE 202,COMPUTER PROGRAMMING II,KENYATTA UNIVERSITY,2019,1,FIRST SEMESTER EXAMINATION,Q1(d),"Given:
string my_string;
Briefly explain the main difference between the following two statements:
cin << my_string;
getline(cin, my_string).",4,explanation,medium,false,,,"C++, String, cin, getline",,extracted
34e3cebf,COMPUTER PROGRAMMING EEE 202.pdf,EEE 202,COMPUTER PROGRAMMING II,KENYATTA UNIVERSITY,2019,1,FIRST SEMESTER EXAMINATION,Q1(e),An enumerated type declares an optional type name and a set of zero or more identifiers that can be used as values of the type. Each enumerator is a constant whose type is the enumeration. Illustrate how the enumerated type is used in C++ programs.,4,explanation,medium,false,,,"C++, Enumerated type, Enumerator, Constant",,extracted
5fedb240,COMPUTER PROGRAMMING EEE 202.pdf,EEE 202,COMPUTER PROGRAMMING II,KENYATTA UNIVERSITY,2019,1,FIRST SEMESTER EXAMINATION,Q1(f),A storage class defines the scope (visibility) and life-time of variables and/or functions within a C++ Program. These specifiers precede the type that they modify. Briefly explain the working of any FOUR storage classes that can be used in a C++ Program.,4,explanation,medium,false,,,"C++, Storage classes, Scope, Lifetime, Variables, Functions",,extracted
2af2a2e2,COMPUTER PROGRAMMING EEE 202.pdf,EEE 202,COMPUTER PROGRAMMING II,KENYATTA UNIVERSITY,2019,1,FIRST SEMESTER EXAMINATION,Q1(g),Using an appropriate example distinguish between syntax & semantics of a C++ program.,3,explanation,medium,false,,,"C++, Syntax, Semantics",,extracted
8361b138,COMPUTER PROGRAMMING EEE 202.pdf,EEE 202,COMPUTER PROGRAMMING II,KENYATTA UNIVERSITY,2019,1,FIRST SEMESTER EXAMINATION,Q1(h),"One of the most important concepts in object-oriented programming is that of inheritance. Inheritance allows us to define a class in terms of another class, which makes it easier to create and maintain an application. How useful is the concept of inheritance to a C++ programmer?",3,explanation,medium,false,,,"Object-oriented programming, Inheritance, C++",,extracted
d70fec38,COMPUTER PROGRAMMING EEE 202.pdf,EEE 202,COMPUTER PROGRAMMING II,KENYATTA UNIVERSITY,2019,1,FIRST SEMESTER EXAMINATION,Question Two,"a) Write a function named “eliminate_duplicates” that takes an array of integers in random order and eliminates all the duplicate integers in the array. The function should take two arguments: (i) an array of integers; (ii) an integer that tells the number of cells in the array. The function should not return a value, but if any duplicate integers are eliminated, then the function should change the value of the argument that was passed to it so that the new value tells the number of distinct integers in the array.",6,design,medium,false,,,"C++, Function, Array, Duplicates, Integers",,extracted
601fe899,COMPUTER PROGRAMMING EEE 202.pdf,EEE 202,COMPUTER PROGRAMMING II,KENYATTA UNIVERSITY,2019,1,FIRST SEMESTER EXAMINATION,Q2(b),"Please find out what is wrong with the if statement listed below, and rewrite it to fix that logical error. (Hint: what if someone's GPA is 1.0). Your new if statement should contain nested if-else-if statements.
if ((gpa >= 2.3) && (gpa < 3.0))
cout << ""Your GPA is not bad but you should improve it."";
if ((gpa >= 3) && (gpa <= 3.7))
cout << ""You got a pretty good GPA"";
else
cout << “Congratulations. You made the Dean's list”;",5,explanation,medium,false,,,"C++, if statement, logical error",,extracted
3dcec81a,COMPUTER PROGRAMMING EEE 202.pdf,EEE 202,COMPUTER PROGRAMMING II,KENYATTA UNIVERSITY,2019,1,FIRST SEMESTER EXAMINATION,Q2(c),"Using a suitable program code distinguish between a constructor and a destructor. Your program should include a piece of code that produces the following output:
Object is being created
<any object related output as may be defined in your code>
Object is being deleted",5,design,medium,false,,,"C++, Constructor, Destructor, Object",,extracted
a241fbe8,COMPUTER PROGRAMMING EEE 202.pdf,EEE 202,COMPUTER PROGRAMMING II,KENYATTA UNIVERSITY,2019,1,FIRST SEMESTER EXAMINATION,Q2(d),C++ polymorphism means that a call to a member function will cause a different function to be executed depending on the type of object that invokes the function. Using an example C++ code segment explain and illustrate how this is achieved.,4,explanation,medium,false,,,"C++, Polymorphism, Function, Object",,extracted
a9837a80,COMPUTER PROGRAMMING EEE 202.pdf,EEE 202,COMPUTER PROGRAMMING II,KENYATTA UNIVERSITY,2019,1,FIRST SEMESTER EXAMINATION,Question Three,"a) Write a C/C++ program that prompts the user to enter the year and month, and displays the number of days in the month. For example, if the user entered month 2 and year 2000, the program should display that February 2000 has 29 days. If the user entered month 3 and year 2005, the program should display that March 2005 has 31 days.",6,design,medium,false,,,"C/C++, Program, Month, Year, Days",,extracted
92661396,COMPUTER PROGRAMMING EEE 202.pdf,EEE 202,COMPUTER PROGRAMMING II,KENYATTA UNIVERSITY,2019,1,FIRST SEMESTER EXAMINATION,Q3(b),Write a C++ function that takes in a 2-dimensional integer array with 10 rows and 5 columns as inputs and returns the maximum value of that array and its location within the array as reference parameters.,6,design,medium,false,,,"C++, Function, Array, Integer, Parameters",,extracted
60ed7204,COMPUTER PROGRAMMING EEE 202.pdf,EEE 202,COMPUTER PROGRAMMING II,KENYATTA UNIVERSITY,2019,1,FIRST SEMESTER EXAMINATION,Q3(c),"The main purpose of C++ programming is to add object orientation to the C programming language and classes are the central feature of C++ that supports object-oriented programming. Using the code segment below explain the definition and working of C++ classes.
class Box {
public:
double length; // Length of box
double breadth; // Breadth of a box
double height; // Height of a box
};",4,explanation,medium,false,,,"C++, Object orientation, Classes, Programming",,extracted
eaf56dcb,COMPUTER PROGRAMMING EEE 202.pdf,EEE 202,COMPUTER PROGRAMMING II,KENYATTA UNIVERSITY,2019,1,FIRST SEMESTER EXAMINATION,Q3(d),"""A do...while loop is almost the same as a while loop except that the loop body is guaranteed to execute at least once."" Determine the validity of this statement and justify your answer using appropriate code segment examples.",4,explanation,medium,false,,,"C++, do...while loop, while loop",,extracted
a34f17b2,COMPUTER PROGRAMMING EEE 202.pdf,EEE 202,COMPUTER PROGRAMMING II,KENYATTA UNIVERSITY,2019,1,FIRST SEMESTER EXAMINATION,Question Four,"a) Using the example program codes given below explain the differences between the break and continue statements. Given the input 1.1, 2.2, 5.5, 4.4, -3.4, -45.5, -34.5, -4.2, -1000, and 12, provide the outputs for each piece of code.",7,explanation,hard,false,,,"C++, Break statement, Continue statement, Program code",,extracted
859d1d45,COMPUTER PROGRAMMING EEE 202.pdf,EEE 202,COMPUTER PROGRAMMING II,KENYATTA UNIVERSITY,2019,1,FIRST SEMESTER EXAMINATION,b),"Wha is ""polymorphism""? How is it implemented in C++?",3,explanation,medium,false,,,"C++ programming, Polymorphism, Object-Oriented Programming",,extracted
5a056917,COMPUTER PROGRAMMING EEE 202.pdf,EEE 202,COMPUTER PROGRAMMING II,KENYATTA UNIVERSITY,2019,1,FIRST SEMESTER EXAMINATION,c),"Wha are ""function overloading"" and ""function overriding"" in C++? Are they the same? If not, explain how they are different.",3,explanation,medium,false,,,"C++ programming, Function Overloading, Function Overriding, Polymorphism",,extracted
74b8f9f5,COMPUTER PROGRAMMING EEE 202.pdf,EEE 202,COMPUTER PROGRAMMING II,KENYATTA UNIVERSITY,2019,1,FIRST SEMESTER EXAMINATION,a),"Create a class called time that has separate int member data fro hours, minutes, and seconds. One constructor should initialize this data to 0, and another should initialize it to fixed values. Another member function should display it, in  `HH:SS:SS` format. The final member function should add two objects of time type passed as arguments. A main() program should create two initialized time objects(should they not be const?) and one that isn't initialized. Then it should add the two initialized valued together, leaving the result in the third time variable. Finally it should display the value of this third variable. Make appropriate member functions const.",10,design,hard,false,,,"C++ programming, Classes, Objects, constructors",,extracted
495542b1,COMPUTER PROGRAMMING EEE 202.pdf,EEE 202,COMPUTER PROGRAMMING II,KENYATTA UNIVERSITY,2019,1,FIRST SEMESTER EXAMINATION,d),What does it mean for a language to be strongly typed? Statically typed? What many prevent programming language from being strongly typed?,5,explanation,medium,false,,,"Programming Languages, Type System, Strongly Typed, Statically Typed",,extracted
872f8325,COMPUTER PROGRAMMING EEE 202.pdf,EEE 202,COMPUTER PROGRAMMING II,KENYATTA UNIVERSITY,2019,1,FIRST SEMESTER EXAMINATION,e),Explain the relationship between overloading and dynamic dispatch.,2,explanation,medium,false,,,"C++ programming, Overloading, Dynamic Dispatch, Polymorphism",,extracted
7cda2ac1,COMPUTER PROGRAMMING EEE 202.pdf,EEE 202,COMPUTER PROGRAMMING II,KENYATTA UNIVERSITY,2019,1,FIRST SEMESTER EXAMINATION,i),Name all the member functions which are accessible by the objects of class C,2,explanation,medium,false,,,"C++ programming, Classes, Access Modifiers",,extracted
d8e33d99,COMPUTER PROGRAMMING EEE 202.pdf,EEE 202,COMPUTER PROGRAMMING II,KENYATTA UNIVERSITY,2019,1,FIRST SEMESTER EXAMINATION,ii),Name all the member functions which are accessible by the objects of class B.,2,explanation,medium,false,,,"C++ programming, Classes, Access Modifiers",,extracted
cf7f103f,COMPUTER PROGRAMMING EEE 202.pdf,EEE 202,COMPUTER PROGRAMMING II,KENYATTA UNIVERSITY,2019,1,FIRST SEMESTER EXAMINATION,iii),Name the base class and derived class of class B.,2,explanation,medium,false,,,"C++ programming, Base Class, Derived Class, Inheritance",,extracted
37ac3465,COMPUTER PROGRAMMING EEE 202.pdf,EEE 202,COMPUTER PROGRAMMING II,KENYATTA UNIVERSITY,2019,1,FIRST SEMESTER EXAMINATION,iv),Name all the data members which are accessible from member functions of class C,2,explanation,medium,false,,,"C++ programming, Classes, Access Modifiers",,extracted
52ab25b7,COMPUTER PROGRAMMING EEE 202.pdf,EEE 202,COMPUTER PROGRAMMING II,KENYATTA UNIVERSITY,2019,1,FIRST SEMESTER EXAMINATION,Q1,"a) Explain the distinction between decisions that are bound statically (at compile time) and those that are bound dynamically (at run time).
b) Explain the differences between a compiled and an interpreted language giving details of where C++ belongs.
c) Distinguish between pass-by-reference and pass-by-value.
d) Using an appropriate example distinguish between syntax and semantics of a C++ program?",30,explanation,medium,false,,,"programming, C++",,extracted
51c82222,COMPUTER PROGRAMMING EEE 202.pdf,EEE 202,COMPUTER PROGRAMMING II,KENYATTA UNIVERSITY,2019,1,FIRST SEMESTER EXAMINATION,Q2,Determine the output of the following code fragments.,45,calculation,medium,false,,,"C++, conditional statements",,extracted
6e24801a,COMPUTER PROGRAMMING EEE 202.pdf,EEE 202,COMPUTER PROGRAMMING II,KENYATTA UNIVERSITY,2019,1,FIRST SEMESTER EXAMINATION,N3,"Using a suitable program code distinguish between a constructor and a destructor. Your program should include a piece of code that consists of parameterized constructors and destructors clearly showing the execution of the constructor, a class member function, and the destructor.",10,design,medium,false,,,"C++, constructor, destructor, parameterized constructor",,extracted
e205eb05,COMPUTER PROGRAMMING EEE 202.pdf,EEE 202,COMPUTER PROGRAMMING II,KENYATTA UNIVERSITY,2019,1,FIRST SEMESTER EXAMINATION,N2,"Write a C++ program which opens a file in reading and writing mode. After writing marks entered by the user to a file named marks.txt, the program reads the marks from the file, increments the marks by 10, and writes it back to the file.",10,design,medium,false,,,"C++, file I/O",,extracted
193ceae1,COMPUTER PROGRAMMING EEE 202.pdf,EEE 202,COMPUTER PROGRAMMING II,KENYATTA UNIVERSITY,2019,1,FIRST SEMESTER EXAMINATION,N1,Consider the following C++ declaration and answer the questions given below:,15,explanation,medium,true,dataset/diagrams/COMPUTER_PROGRAMMING_EEE_202_pdf_N1_193ceae1.jpg,"Class diagrams for class A, class B, and class E.","C++, class, inheritance",,extracted
75e96cbc,Communication Skills.pdf,UCU 100,COMMUNICATION SKILLS,KENYATTA UNIVERSITY,2020,1,FIRST SEMESTER EXAMINATION,Q1,Read this passage and answer the questions that follow.,25,other,easy,false,,,,,extracted
ef135321,Communication Skills.pdf,UCU 100,COMMUNICATION SKILLS,KENYATTA UNIVERSITY,2020,1,FIRST SEMESTER EXAMINATION,Q1(a),Suggest a suitable title for this passage.,3,explanation,easy,false,,,,,extracted
e890b2c8,Communication Skills.pdf,UCU 100,COMMUNICATION SKILLS,KENYATTA UNIVERSITY,2020,1,FIRST SEMESTER EXAMINATION,Q1(b),"What suitable word of your own could mean as ""potential"" in paragraph one.",3,explanation,easy,false,,,,,extracted
1ce163c1,Communication Skills.pdf,UCU 100,COMMUNICATION SKILLS,KENYATTA UNIVERSITY,2020,1,FIRST SEMESTER EXAMINATION,Q1(c),"Using your own words, briefly explain the meaning of ""dissonance"".",3,explanation,easy,false,,,,,extracted
cab96baf,Communication Skills.pdf,UCU 100,COMMUNICATION SKILLS,KENYATTA UNIVERSITY,2020,1,FIRST SEMESTER EXAMINATION,Q1(d),Festinger is the author of this passage. True or false. Support.,3,true_false,easy,false,,,,,extracted
e2ac7732,Communication Skills.pdf,UCU 100,COMMUNICATION SKILLS,KENYATTA UNIVERSITY,2020,1,FIRST SEMESTER EXAMINATION,Q1(e),"What does author mean by ""fudge""?",3,explanation,easy,false,,,,,extracted
bf7e02c1,Communication Skills.pdf,UCU 100,COMMUNICATION SKILLS,KENYATTA UNIVERSITY,2020,1,FIRST SEMESTER EXAMINATION,Q1(f),Give one example of an element from the passage,3,explanation,easy,false,,,,,extracted
2f663765,Communication Skills.pdf,UCU 100,COMMUNICATION SKILLS,KENYATTA UNIVERSITY,2020,1,FIRST SEMESTER EXAMINATION,Q1(g),"""These moderating factors"". State two of these factors.",4,explanation,easy,false,,,,,extracted
f60c3251,Communication Skills.pdf,UCU 100,COMMUNICATION SKILLS,KENYATTA UNIVERSITY,2020,1,FIRST SEMESTER EXAMINATION,Q1(h),"In not more than two lines, explain the meaning of ""the individual will not be under great tension to reduce the dissonance"" from paragraph 4",3,explanation,easy,false,,,,,extracted
d9808526,Communication Skills.pdf,UCU 100,COMMUNICATION SKILLS,KENYATTA UNIVERSITY,2020,1,FIRST SEMESTER EXAMINATION,2.,"You have been asked to write an academic essay whose topic is: FACTORS THAT INFLUENCE UNIVERSITY STUDENTS' LEARNING.
i. Write a plan based on that topic.
Your plan should have the following:",8,other,medium,false,,,,,extracted
d1621d48,Communication Skills.pdf,UCU 100,COMMUNICATION SKILLS,KENYATTA UNIVERSITY,2020,1,FIRST SEMESTER EXAMINATION,2.(a),The topic,,other,easy,false,,,,,extracted
6d4a0482,Communication Skills.pdf,UCU 100,COMMUNICATION SKILLS,KENYATTA UNIVERSITY,2020,1,FIRST SEMESTER EXAMINATION,2.(b),A thesis statement,,other,easy,false,,,,,extracted
fc80e1ac,Communication Skills.pdf,UCU 100,COMMUNICATION SKILLS,KENYATTA UNIVERSITY,2020,1,FIRST SEMESTER EXAMINATION,2.(c),Introduction,,other,easy,false,,,,,extracted
264477ca,Communication Skills.pdf,UCU 100,COMMUNICATION SKILLS,KENYATTA UNIVERSITY,2020,1,FIRST SEMESTER EXAMINATION,2.(d),Three body paragraphs,,other,easy,false,,,,,extracted
4b523e2a,Communication Skills.pdf,UCU 100,COMMUNICATION SKILLS,KENYATTA UNIVERSITY,2020,1,FIRST SEMESTER EXAMINATION,2.(e),Conclusion.,,other,easy,false,,,,,extracted
1624f0ba,Communication Skills.pdf,UCU 100,COMMUNICATION SKILLS,KENYATTA UNIVERSITY,2020,1,FIRST SEMESTER EXAMINATION,3.,LIBRARY SKILLS - (15 Marks),15,other,easy,false,,,,,extracted
f4c5319b,Communication Skills.pdf,UCU 100,COMMUNICATION SKILLS,KENYATTA UNIVERSITY,2020,1,FIRST SEMESTER EXAMINATION,3(a),Write five parts of a reference.,5,explanation,easy,false,,,,,extracted
d7941028,Communication Skills.pdf,UCU 100,COMMUNICATION SKILLS,KENYATTA UNIVERSITY,2020,1,FIRST SEMESTER EXAMINATION,3(b),Explain the ways in which focusing your essay topic helps you in searching for relevant information in the library.,3,explanation,easy,false,,,,,extracted
f094b1ad,Communication Skills.pdf,UCU 100,COMMUNICATION SKILLS,KENYATTA UNIVERSITY,2020,1,FIRST SEMESTER EXAMINATION,3(c),What is a call number?,2,explanation,easy,false,,,,,extracted
a252a216,Communication Skills.pdf,UCU 100,COMMUNICATION SKILLS,KENYATTA UNIVERSITY,2020,1,FIRST SEMESTER EXAMINATION,3(d),Re-write the item below in APA style:-The costing of educational plans. Paris: UNESCO. (1967). UNESCO.,5,explanation,easy,false,,,,,extracted
954cad34,Communication Skills.pdf,UCU 100,COMMUNICATION SKILLS,KENYATTA UNIVERSITY,2020,1,FIRST SEMESTER EXAMINATION,4.,STUDY SKILLS (10 Marks),10,other,easy,false,,,,,extracted
d6495a48,Communication Skills.pdf,UCU 100,COMMUNICATION SKILLS,KENYATTA UNIVERSITY,2020,1,FIRST SEMESTER EXAMINATION,4(a),What three factors should you consider when choosing a place study.,3,explanation,easy,false,,,,,extracted
676076d9,Communication Skills.pdf,UCU 100,COMMUNICATION SKILLS,KENYATTA UNIVERSITY,2020,1,FIRST SEMESTER EXAMINATION,4(b),"Jane has problems finding her notes when she needs to study for her assignments and tests. Using two points, advise her on what she should do.",2,explanation,easy,false,,,,,extracted
49133e10,Communication Skills.pdf,UCU 100,COMMUNICATION SKILLS,KENYATTA UNIVERSITY,2020,1,FIRST SEMESTER EXAMINATION,4(c),State and explain three advantages of belonging to a study group.,3,explanation,easy,false,,,,,extracted
d9bb0700,Communication Skills.pdf,UCU 100,COMMUNICATION SKILLS,KENYATTA UNIVERSITY,2020,1,FIRST SEMESTER EXAMINATION,4(d),"Early and preparation before you begin examinations will make you do well in them.
Give two reasons why this is true.",2,explanation,easy,false,,,,,extracted
0f34bded,Communication Skills.pdf,UCU 100,COMMUNICATION SKILLS,KENYATTA UNIVERSITY,2020,1,FIRST SEMESTER EXAMINATION,a),"Using not more than four words, provide a suitable title to the passage.",3,explanation,easy,false,,,,,extracted
12167974,Communication Skills.pdf,UCU 100,COMMUNICATION SKILLS,KENYATTA UNIVERSITY,2020,1,FIRST SEMESTER EXAMINATION,b),Identify one word from the passage that suitably described the first attitude in reading critically.,3,explanation,easy,false,,,,,extracted
be1a1a54,Communication Skills.pdf,UCU 100,COMMUNICATION SKILLS,KENYATTA UNIVERSITY,2020,1,FIRST SEMESTER EXAMINATION,c),"In not more than one line, explain what happens when a teacher interacts with information.",3,explanation,easy,false,,,,,extracted
7d0fff5c,Communication Skills.pdf,UCU 100,COMMUNICATION SKILLS,KENYATTA UNIVERSITY,2020,1,FIRST SEMESTER EXAMINATION,d),What is the main reason for step one in critical reading? Answer using two words form the passage.,3,explanation,easy,false,,,,,extracted
e6d74c03,Communication Skills.pdf,UCU 100,COMMUNICATION SKILLS,KENYATTA UNIVERSITY,2020,1,FIRST SEMESTER EXAMINATION,e),What qualities are expected of a critical reader in order to achieve objectivity?,3,explanation,easy,false,,,,,extracted
08ba36ac,Communication Skills.pdf,UCU 100,COMMUNICATION SKILLS,KENYATTA UNIVERSITY,2020,1,FIRST SEMESTER EXAMINATION,Question 2,"3.  Imagine your topic for the end of semester five paragraph essay/topic is : THE MAIN ADVANTAGES OF ONLINE TEACHING IN INTUITIONS OF HIGHER LEARNING IN KENYA 
ii) Write a 200 words concluding paragraph.",6,explanation,medium,false,,,,,extracted
779736b6,Communication Skills.pdf,UCU 100,COMMUNICATION SKILLS,KENYATTA UNIVERSITY,2020,1,FIRST SEMESTER EXAMINATION,Question 3,"c) When revising, it is important to make revision aids, Name two that you would make.",2,explanation,easy,false,,,,,extracted
1e623708,Communication Skills.pdf,UCU 100,COMMUNICATION SKILLS,KENYATTA UNIVERSITY,2020,1,FIRST SEMESTER EXAMINATION,Question 4,"c) Re-write the following references using the American Psychology Association (APA) Style:
ii) How to use your reading in Essays by Jeanne Godfrey, 2013. Palgrave Macmillan, 2nd edition, New York.",3,explanation,medium,false,,,,,extracted
d7f1ace1,Communication Skills.pdf,UCU 100,COMMUNICATION SKILLS,KENYATTA UNIVERSITY,2020,1,FIRST SEMESTER EXAMINATION,Question 5,c) Define social loafing.,2,explanation,easy,false,,,,,extracted
a32ddef8,Creativity Past papers.pdf,UCU 103,CRITICAL AND CREATIVE THINKING,KENYATTA UNIVERSITY,2019,1,UNIVERSITY EXAMINATIONS,Q1,"""Human inability to think critically and creatively is the biggest impediment to political cohesion and social integration in Kenya today"". Discuss.",30,explanation,hard,false,,,"critical thinking, creative thinking, political cohesion, social integration",,extracted
f0a68da8,Creativity Past papers.pdf,UCU 103,CRITICAL AND CREATIVE THINKING,KENYATTA UNIVERSITY,2019,1,UNIVERSITY EXAMINATIONS,Q2,"""The attainment of autonomy is the ultimate goal of human development"". Discuss this in light of J.S. Mills essay on Individuality and Liberty of Thought.",20,explanation,medium,false,,,"autonomy, human development, individuality, liberty of thought",,extracted
a1382756,Creativity Past papers.pdf,UCU 103,CRITICAL AND CREATIVE THINKING,KENYATTA UNIVERSITY,2019,1,UNIVERSITY EXAMINATIONS,Q3,"With reference to Kwasi Wirendu's article of What Philosophy Can Do for Africa"", demonstrate the relevance of philosophy in life.",20,explanation,medium,false,,,philosophy,,extracted
01297df9,Creativity Past papers.pdf,UCU 103,CRITICAL AND CREATIVE THINKING,KENYATTA UNIVERSITY,2019,1,UNIVERSITY EXAMINATIONS,Q4,Discuss five barriers to critical and creative thinking and in each case demonstrate how they negate the principles of reason.,20,explanation,medium,false,,,"critical thinking, creative thinking",,extracted
66f177ff,Creativity Past papers.pdf,UCU 103,CRITICAL AND CREATIVE THINKING,KENYATTA UNIVERSITY,2019,1,UNIVERSITY EXAMINATIONS,Q5,Discuss any five informal fallacies.,5,explanation,easy,false,,,informal fallacies,,extracted
5ad6a9d0,Creativity Past papers.pdf,UCU 103,CRITICAL AND CREATIVE THINKING,KENYATTA UNIVERSITY,2019,1,UNIVERSITY EXAMINATIONS,Q1(a),Explain any FIVE game plans that must be enhanced by a practicing thinking thinker.,15,explanation,medium,false,,,thinking skills,,extracted
d1e76595,Creativity Past papers.pdf,UCU 103,CRITICAL AND CREATIVE THINKING,KENYATTA UNIVERSITY,2019,1,UNIVERSITY EXAMINATIONS,Q1(b),Discuss the benefits of studying Critical thinking Creating thinking in your life as a student.,15,explanation,medium,false,,,"Critical thinking, Creative thinking",,extracted
ddcdfe78,Creativity Past papers.pdf,UCU 103,CRITICAL AND CREATIVE THINKING,KENYATTA UNIVERSITY,2019,1,UNIVERSITY EXAMINATIONS,Q6,Critically examine the relevance of the Cartesian methodic doubt to everyday life.,,explanation,medium,false,,,Cartesian methodic doubt,,extracted
f27a1700,Creativity Past papers.pdf,UCU 103,CRITICAL AND CREATIVE THINKING,KENYATTA UNIVERSITY,2019,1,UNIVERSITY EXAMINATIONS,1,Demonstrate the role of critical and creative thinking in enhancing quality education.,,explanation,medium,false,,,,,extracted
4e1f5068,Creativity Past papers.pdf,UCU 103,CRITICAL AND CREATIVE THINKING,KENYATTA UNIVERSITY,2019,1,UNIVERSITY EXAMINATIONS,2,"""He who lets the world choose his plan of life for him has no need of any other faculty than ape-like imitation"". Discuss.",,explanation,medium,false,,,,,extracted
a7015ad1,Creativity Past papers.pdf,UCU 103,CRITICAL AND CREATIVE THINKING,KENYATTA UNIVERSITY,2019,1,UNIVERSITY EXAMINATIONS,3,"With reference to Desecarte's teaching, show the importance of doubt in critical and creative thinking.",20,explanation,medium,false,,,"critical thinking, creative thinking, Descartes",,extracted
386b0594,Creativity Past papers.pdf,UCU 103,CRITICAL AND CREATIVE THINKING,KENYATTA UNIVERSITY,2019,1,UNIVERSITY EXAMINATIONS,4,"""What is right does not depend on numbers"" Discuss.",20,explanation,medium,false,,,ethics,,extracted
26cdd5ca,Creativity Past papers.pdf,UCU 103,CRITICAL AND CREATIVE THINKING,KENYATTA UNIVERSITY,2019,1,UNIVERSITY EXAMINATIONS,5,Why is critical and creative thinking important in human growth?,20,explanation,medium,false,,,"critical thinking, creative thinking",,extracted
2d745e90,Creativity Past papers.pdf,UCU 103,CRITICAL AND CREATIVE THINKING,KENYATTA UNIVERSITY,2019,1,UNIVERSITY EXAMINATIONS,6,"Citing relevant examples, demonstrate how fallacious reasoning is repugnant to good thinking.",20,explanation,medium,false,,,,,extracted
26d5b034,Creativity Past papers.pdf,UCU 103,CRITICAL AND CREATIVE THINKING,KENYATTA UNIVERSITY,2019,1,UNIVERSITY EXAMINATIONS,2(a),What is logic?,20,explanation,easy,false,,,logic,,extracted
a3400a37,Creativity Past papers.pdf,UCU 103,CRITICAL AND CREATIVE THINKING,KENYATTA UNIVERSITY,2019,1,UNIVERSITY EXAMINATIONS,2(b),Distinguish between deductive and inductive reasoning.,20,explanation,medium,false,,,"deductive reasoning, inductive reasoning",,extracted
5f334b92,Creativity Past papers.pdf,UCU 103,CRITICAL AND CREATIVE THINKING,KENYATTA UNIVERSITY,2019,1,UNIVERSITY EXAMINATIONS,2(c),"In any case, I know your phone number and where you live. Are you also aware that I know that you have been cheating on your girlfriend?",5,explanation,medium,false,,,,,extracted
5fc75e7a,Creativity Past papers.pdf,UCU 103,CRITICAL AND CREATIVE THINKING,KENYATTA UNIVERSITY,2019,1,UNIVERSITY EXAMINATIONS,2(d),Prof. Juma's philosophy is truth worthy because he was removed form the chairmanship for dishonesty.,5,explanation,medium,false,,,,,extracted
356a0728,Creativity Past papers.pdf,UCU 103,CRITICAL AND CREATIVE THINKING,KENYATTA UNIVERSITY,2019,1,UNIVERSITY EXAMINATIONS,5(a),Intellectual courage,5,explanation,easy,false,,,,,extracted
f8e9d2c8,Creativity Past papers.pdf,UCU 103,CRITICAL AND CREATIVE THINKING,KENYATTA UNIVERSITY,2019,1,UNIVERSITY EXAMINATIONS,5(b),Empathy,5,explanation,easy,false,,,,,extracted
77c32a58,Creativity Past papers.pdf,UCU 103,CRITICAL AND CREATIVE THINKING,KENYATTA UNIVERSITY,2019,1,UNIVERSITY EXAMINATIONS,5(c),Faith in reason,5,explanation,easy,false,,,,,extracted
5f90fdaa,Creativity Past papers.pdf,UCU 103,CRITICAL AND CREATIVE THINKING,KENYATTA UNIVERSITY,2019,1,UNIVERSITY EXAMINATIONS,5(d),Self examination,5,explanation,easy,false,,,,,extracted
c7f6aecf,Creativity Past papers.pdf,UCU 103,CRITICAL AND CREATIVE THINKING,KENYATTA UNIVERSITY,2019,1,UNIVERSITY EXAMINATIONS,1(a),"Explain these logical concepts.
i) Argument,
ii) Truth,
iii) Validity,
iv) Fallacy.",30,explanation,medium,false,,,"logic, argument, truth, validity, fallacy",,extracted
db92a48e,Creativity Past papers.pdf,UCU 103,CRITICAL AND CREATIVE THINKING,KENYATTA UNIVERSITY,2019,1,UNIVERSITY EXAMINATIONS,1(b),Explain the main stages of problem-solving.,30,explanation,medium,false,,,"problem-solving, stages",,extracted
3fc19218,Creativity Past papers.pdf,UCU 103,CRITICAL AND CREATIVE THINKING,KENYATTA UNIVERSITY,2019,1,UNIVERSITY EXAMINATIONS,1(c),Elaborate on three intellectual traits.,30,explanation,medium,false,,,intellectual traits,,extracted
b582850e,Creativity Past papers.pdf,UCU 103,CRITICAL AND CREATIVE THINKING,KENYATTA UNIVERSITY,2019,1,UNIVERSITY EXAMINATIONS,1(d),"Why are these three arguments fallacious?
i) America is a rich nation, therefore all Americans are rich.
ii) Spirits do not exist because no one has as yet proved their existence.
iii) God exists because all cultures have had some idea of God.",30,explanation,hard,false,,,"fallacy, logical fallacies",,extracted
bac8385c,ECU 103 • PHYSICS FOR ENGINEERS 2.pdf,ECU 103,PHYSICS FOR ENGINEERS II,KENYATTA UNIVERSITY,2018,2,End of Semester,Q1(a),"i. Define in words, the electric displacement at a point?
ii. What is the electrostatic electric displacement at a point with an electric field of $1000\ Vm^{-1}$?",4,explanation,easy,false,,,electric displacement,,extracted
308c388d,ECU 103 • PHYSICS FOR ENGINEERS 2.pdf,ECU 103,PHYSICS FOR ENGINEERS II,KENYATTA UNIVERSITY,2018,2,End of Semester,Q1(b),"i. Define in words, the electric field at a point.
ii. What is the electric field at a distance of 2 m from a $300\mu C$ charge?",4,calculation,easy,false,,,electric field,,extracted
9535d36c,ECU 103 • PHYSICS FOR ENGINEERS 2.pdf,ECU 103,PHYSICS FOR ENGINEERS II,KENYATTA UNIVERSITY,2018,2,End of Semester,Q1(c),"i. Give a statement of Gauss's electrostatics law.
ii. Use Gauss's Law to derive the expression for a cylindrical-plate capacitor $(C)$ of surface area $(A)$, with inner and outer radii dimensions '$a$' and '$b$' respectively.",4,derivation,medium,false,,,"Gauss's law, capacitance",,extracted
ef4c83ec,ECU 103 • PHYSICS FOR ENGINEERS 2.pdf,ECU 103,PHYSICS FOR ENGINEERS II,KENYATTA UNIVERSITY,2018,2,End of Semester,Q1(d),"i. Give a mathematical equation for the Biot-Savart law.
ii. Two parallel wires 1 and 2, carrying opposite currents of magnitude 2A and 3A respectively, are 2 cm apart and 10 cm long each. What is the magnetic force on wire2 due to wire1.",4,calculation,medium,false,,,"Biot-Savart law, magnetic force",,extracted
7d754919,ECU 103 • PHYSICS FOR ENGINEERS 2.pdf,ECU 103,PHYSICS FOR ENGINEERS II,KENYATTA UNIVERSITY,2018,2,End of Semester,Q1(e),"i. Define the term, time constant of an RL series circuit.
ii. Find the angular frequency of oscillation in an LC circuit with inductance and capacitance values of $3\ mH$ and $3\ \mu C$ respectively.",4,calculation,medium,false,,,"RL circuit, LC circuit, angular frequency",,extracted
ce71a4e9,ECU 103 • PHYSICS FOR ENGINEERS 2.pdf,ECU 103,PHYSICS FOR ENGINEERS II,KENYATTA UNIVERSITY,2018,2,End of Semester,Q1(f),"i. Give one application of a convex mirror in engineering?
ii. Draw a ray-diagram illustrating the functioning of a basic telescope.",4,explanation,easy,false,,,"convex mirror, telescope",,extracted
18af3621,ECU 103 • PHYSICS FOR ENGINEERS 2.pdf,ECU 103,PHYSICS FOR ENGINEERS II,KENYATTA UNIVERSITY,2018,2,End of Semester,Q1(g),"i. Briefly explain the phenomenon of light diffraction.
ii. Coherent light of wavelength 580 nm is incident on a slit of width 0.3 mm. If the observing screen is placed 2 m from the slit, find the position of the first dark fringe.",4,calculation,medium,false,,,light diffraction,,extracted
ffee8c04,ECU 103 • PHYSICS FOR ENGINEERS 2.pdf,ECU 103,PHYSICS FOR ENGINEERS II,KENYATTA UNIVERSITY,2018,2,End of Semester,Q1(h),Differentiate between Kirchhoff's current and voltage rules.,2,explanation,easy,false,,,"Kirchoff's current law, Kirchoff's voltage law",,extracted
5c6e4077,ECU 103 • PHYSICS FOR ENGINEERS 2.pdf,ECU 103,PHYSICS FOR ENGINEERS II,KENYATTA UNIVERSITY,2018,2,End of Semester,Q2(a),"In the circuit shown in Fig. 1, find currents $I_1$, $I_2$ and $I_3$.",9,calculation,medium,true,dataset/diagrams/ECU_103___PHYSICS_FOR_ENGINEERS_2_pdf_Q2_a__5c6e4077.jpg,Circuit showing resistors and voltage sources used to solve mesh currents,"KVL, mesh analysis",,extracted
b837c01e,ECU 103 • PHYSICS FOR ENGINEERS 2.pdf,ECU 103,PHYSICS FOR ENGINEERS II,KENYATTA UNIVERSITY,2018,2,End of Semester,Q2(b),"A voltmeter of resistance $500\ \Omega$, placed in Fig.2 reads 50 V, determine the following:
i. Resistance R.
ii. The potential at point A when the voltmeter is not in the circuit.
iii. Currents $I_1$ and $I_2$.",11,calculation,hard,true,dataset/diagrams/ECU_103___PHYSICS_FOR_ENGINEERS_2_pdf_Q2_b__b837c01e.jpg,Circuit diagram with a voltmeter and resistor network.,"circuit analysis, voltage divider, Ohm's law",,extracted
84e136a8,ECU 103 • PHYSICS FOR ENGINEERS 2.pdf,ECU 103,PHYSICS FOR ENGINEERS II,KENYATTA UNIVERSITY,2018,2,End of Semester,Q3(a),Consider the circuit in Fig 3 below carrying a 2A current as indicated by the arrow. Find the magnetic field at point P.,11,calculation,hard,true,dataset/diagrams/ECU_103___PHYSICS_FOR_ENGINEERS_2_pdf_Q3_a__84e136a8.jpg,Closed loop circuit with current flow and a point P.,"magnetic field, Biot-Savart law",,extracted
e5610a07,ECU 103 • PHYSICS FOR ENGINEERS 2.pdf,ECU 103,PHYSICS FOR ENGINEERS II,KENYATTA UNIVERSITY,2018,2,End of Semester,Q3(b),"A square loop of wire with sides 5 cm, falls at a speed of $v$ under influence of gravity past a region with uniform magnetic field of 15 T, then into a region with no magnetic field as shown in fig. 4. The total resistance of the loop is $1\ \Omega$ and its mass is 150g. Find the following:
i. The terminal velocity of the loop as it passes the boundary between the two fields.
ii. Power dissipated in the loop.
iii. Total energy lost due to joule heating in the loop.",9,calculation,hard,true,dataset/diagrams/ECU_103___PHYSICS_FOR_ENGINEERS_2_pdf_Q3_b__e5610a07.jpg,Loop of wire entering and leaving a magnetic field.,"electromagnetic induction, Faraday's law, power dissipation",,extracted
2ab9153f,ECU 103 • PHYSICS FOR ENGINEERS 2.pdf,ECU 103,PHYSICS FOR ENGINEERS II,KENYATTA UNIVERSITY,2018,2,End of Semester,Q4(a),"Two flat glass plates of length 10 cm each, touch at one end but are separated by a thin wire of diameter d = 0.01 mm at the other end as shown in fig. 5 below. What is the: i. Distance $x$ between the observed maxima, if the incident light has a wavelength 420 nm? ii. Total number of bands of constructive interference.",10,calculation,medium,true,dataset/diagrams/ECU_103___PHYSICS_FOR_ENGINEERS_2_pdf_Q4_a__2ab9153f.jpg,Diagram showing two plates separated by a wire,"interference, wavelength",,extracted
add97558,ECU 103 • PHYSICS FOR ENGINEERS 2.pdf,ECU 103,PHYSICS FOR ENGINEERS II,KENYATTA UNIVERSITY,2018,2,End of Semester,Q4(b),"A soap bubble of thickness t units has a refractive index n. Light of wavelength $\lambda$ in air falls vertically on the bubble and is reflected back as shown in Fig. 6. Below. i. Express the condition for constructive interference for the reflected light. ii. If t is 400 nm and n = 1.3, what wavelengths will interfere constructively in the reflected light? (Assume m = 1, 2, 3 and 4 ).",10,calculation,medium,true,dataset/diagrams/ECU_103___PHYSICS_FOR_ENGINEERS_2_pdf_Q4_b__add97558.jpg,Diagram showing a soap bubble with light reflecting off it.,"interference, thin film interference, wavelength",,extracted
9b555587,ECU 103 • PHYSICS FOR ENGINEERS 2.pdf,ECU 103,PHYSICS FOR ENGINEERS II,KENYATTA UNIVERSITY,2018,2,End of Semester,Q5(a),Consider the circuit in Fig 2 below carrying 2 A. Find the magnetic field at point P.,12,calculation,hard,true,dataset/diagrams/ECU_103___PHYSICS_FOR_ENGINEERS_2_pdf_Q5_a__9b555587.jpg,Circuit loop carrying current,"magnetic field, Ampere's law",,extracted
0f30048c,ECU 103 • PHYSICS FOR ENGINEERS 2.pdf,ECU 103,PHYSICS FOR ENGINEERS II,KENYATTA UNIVERSITY,2018,2,End of Semester,Q5(b),An infinitely long wire carrying a current I is shown in fig. 3. Find the expression for magnetic field at point P. is given by: $B = \frac{\mu_0 I}{2\pi r}$,8,derivation,medium,true,dataset/diagrams/ECU_103___PHYSICS_FOR_ENGINEERS_2_pdf_Q5_b__0f30048c.jpg,Infinitely long wire with current I,"magnetic field, integration",,extracted
c5c09071,ECU 103 • PHYSICS FOR ENGINEERS 2.pdf,ECU 103,PHYSICS FOR ENGINEERS II,KENYATTA UNIVERSITY,2018,2,End of Semester,Q4.(a),"Consider a circuit consisting of a conducting rod of length $l$ sliding on along two fixed parallel conducting rails as shown in fig. 4.

If the rod is given an initial velocity $v_o$ to the right and released show that the
(i) velocity of the bar is given by
$$v = v_o exp[-\frac{t}{\tau}]$$
(ii) current in the bar is given by
$$I = \frac{Blv_o}{R} exp[-\frac{t}{\tau}]$$
(iii) induced e.m.f. in the circuit is given by
$$v = Blv_o exp[-\frac{t}{\tau}]$$
where $\tau = mR/(B^2l^2)$",10,derivation,medium,true,dataset/diagrams/ECU_103___PHYSICS_FOR_ENGINEERS_2_pdf_Q4__a__c5c09071.jpg,circuit consisting of a conducting rod of length $l$ sliding on along two fixed parallel conducting rails,"electromagnetic induction, Faraday's law, Ohm's law",,extracted
8fc033a7,ECU 103 • PHYSICS FOR ENGINEERS 2.pdf,ECU 103,PHYSICS FOR ENGINEERS II,KENYATTA UNIVERSITY,2018,2,End of Semester,Q4.(b),"A square loop of wire with sides 5 cm falls at a speed $v$ under the influence of gravity past a region with uniform magnetic field of 15 T into a region with no magnetic field as shown in Fig. 5.
The total resistance of the loop is 1 $\Omega$ and its mass is 150 g. Find the
(i) terminal velocity of the loop as it passes the boundary between the two fields.
(ii) power dissipated in the loop.
(iii) total energy lost to joule heating in the loop.",10,calculation,medium,true,dataset/diagrams/ECU_103___PHYSICS_FOR_ENGINEERS_2_pdf_Q4__b__8fc033a7.jpg,square loop of wire falling into and out of a magnetic field,"terminal velocity, magnetic force, power dissipation, Joule heating",,extracted
c59ec55c,ECU 103 • PHYSICS FOR ENGINEERS 2.pdf,ECU 103,PHYSICS FOR ENGINEERS II,KENYATTA UNIVERSITY,2018,2,End of Semester,Q(a),"Fig. 6 shows a glass lens of thickness $l$ and of refractive index $n$ whose surface are found to radii $r'$ and $r''$ respectively.

For lens approximation, show that the focal length is given by
$$\frac{1}{f} = (n-1)(\frac{1}{r'} - \frac{1}{r''})$$",10,derivation,hard,true,dataset/diagrams/ECU_103___PHYSICS_FOR_ENGINEERS_2_pdf_Q_a__c59ec55c.jpg,glass lens of thickness $l$ with radii $r'$ and $r''$,"lensmaker's equation, refraction, focal length",,extracted
d49e21b9,ECU 103 • PHYSICS FOR ENGINEERS 2.pdf,ECU 103,PHYSICS FOR ENGINEERS II,KENYATTA UNIVERSITY,2018,2,End of Semester,Q(b),"A biconvex lens has radii of curvature of 20 cm. The lens is fitted into the side of a water tank. If a point object is place a distance $o$ from the lens along the axis, :
(i) find the expression for the image position ($i''$) in terms of $n_g$, $n_w$, $r'$, $r''$ and $o$.
(ii) If $n_g$ = 1.5, $o$ = 100 cm, $r''$ = -20 cm, $r'$ = 20 cm and $n_w$ = 1.34, calculate $i''$.",10,calculation,hard,false,,,"refraction, lens equation, image formation",,extracted
6f669d21,ECU 103 • PHYSICS FOR ENGINEERS 2.pdf,ECU 103,PHYSICS FOR ENGINEERS II,KENYATTA UNIVERSITY,2018,2,End of Semester,Q1,(h) Differentiate between circularly polarized and elliptically polarized waves.,2,explanation,medium,false,,,"polarization, circular polarization, elliptical polarization",,extracted
d68a8ad9,ECU 103 • PHYSICS FOR ENGINEERS 2.pdf,ECU 103,PHYSICS FOR ENGINEERS II,KENYATTA UNIVERSITY,2018,2,End of Semester,Q2,(b) A 2 $\mu$F capacitor is charged using a 100 V battery. The battery is disconnected and two uncharged capacitors are connected to it as shown in Fig. 2.,6,calculation,medium,true,dataset/diagrams/ECU_103___PHYSICS_FOR_ENGINEERS_2_pdf_Q2_d68a8ad9.jpg,Capacitor configurations,"capacitance, energy storage",,extracted
2e1de66f,ECU 103 • PHYSICS FOR ENGINEERS 2.pdf,ECU 103,PHYSICS FOR ENGINEERS II,KENYATTA UNIVERSITY,2018,2,End of Semester,Q3,(a) Consider the circuit in Fig 3 below carrying 2 A. Find the magnetic field at point P.,12,calculation,hard,true,dataset/diagrams/ECU_103___PHYSICS_FOR_ENGINEERS_2_pdf_Q3_2e1de66f.jpg,Circuit diagram,"magnetic field, Biot-Savart law",,extracted
78a94d7d,ECU 103 • PHYSICS FOR ENGINEERS 2.pdf,ECU 103,PHYSICS FOR ENGINEERS II,KENYATTA UNIVERSITY,2018,2,End of Semester,b,"Two conducting rods 0.5 m long roll on conducting rails 0.5 m apart with velocities $v_1 = -12.5 m/s$ and $v_2 = 8.9 m/s$. In magnetic field $B = 0.352 T$ as shown below.

Find the voltage of
(i) point $b$ with respect to point $a$.
(ii) point $d$ with respect to point $c$.
(iii) point $b$ with respect to point $c$.",8,calculation,medium,true,dataset/diagrams/ECU_103___PHYSICS_FOR_ENGINEERS_2_pdf_b_78a94d7d.jpg,Two conducting rods on conducting rails in a magnetic field,"electromagnetic induction, motional emf",,extracted
31b032ad,ECU 103 • PHYSICS FOR ENGINEERS 2.pdf,ECU 103,PHYSICS FOR ENGINEERS II,KENYATTA UNIVERSITY,2018,2,End of Semester,4.a,"Show that the intensity pattern of a single-slit diffraction experiment is given by
$$I_{\theta} = I_0 \left[ \frac{\sin(\pi a \sin(\theta) / \lambda)}{\pi a \sin(\theta) / \lambda} \right]^2$$
where $a$ is slit width.",14,derivation,medium,false,,,"single-slit diffraction, wave optics",,extracted
3fc4635f,ECU 103 • PHYSICS FOR ENGINEERS 2.pdf,ECU 103,PHYSICS FOR ENGINEERS II,KENYATTA UNIVERSITY,2018,2,End of Semester,4.b,"A grating has 10000 rulings/inch is illuminated with yellow light at perpendicular incidence. This light contains two closely spaced lines of wavelength 5890.0 Å and 5895.9 Å.
(i) At what angle will the first order maximum occur for the first of these wavelengths?
(ii) What is the angular separation between the first-order maxima for these lines?",6,calculation,medium,false,,,"diffraction grating, wave optics",,extracted
b39ee505,ECU 103 • PHYSICS FOR ENGINEERS 2.pdf,ECU 103,PHYSICS FOR ENGINEERS II,KENYATTA UNIVERSITY,2018,2,End of Semester,QUESTION 1.,"Give a precise definition of the following electrostatic terms and where applicable, include an equation.   
i. Point Charges, ii). Electric field, $\vec{E}$ iii). Magnetic field, $\nabla B \sim Ho \Gamma$ iv). Dielectric medium, v). Transient Currents",10,explanation,easy,false,,,"electrostatics, electric field, magnetic field, dielectric, transient currents",,extracted
d5a820d5,ECU 103 • PHYSICS FOR ENGINEERS 2.pdf,ECU 103,PHYSICS FOR ENGINEERS II,KENYATTA UNIVERSITY,2018,2,End of Semester,QUESTION 2,"After the switch $S$ is closed, both capacitors get charged to $Q_1$ and $Q_2$, respectively such that $Q_1 + Q_2 = Q_0$.  
i. Calculate the final potential difference $(V)$ between the plates of the two capacitors
ii. What would be the values of $Q_1$ and $Q_2$, respectively
iii. Calculate the final energy of the combined circuit.
iv. Compare and comment on the energy value obtained here with the one of Aii.",9,calculation,medium,false,,,"capacitance, energy storage, charge conservation",,extracted
c99a2751,ECU 103 • PHYSICS FOR ENGINEERS 2.pdf,ECU 103,PHYSICS FOR ENGINEERS II,KENYATTA UNIVERSITY,2018,2,End of Semester,QUESTION 3.,"Answer the questions that follow, by considering the circuit diagram below containing the components shown.
A. What general name is given to this type of circuit and why?
B. If the capacitor is initially uncharged while the switch is open, and the switch is closed at time $t_0$, write an expression for the value of $V_0$ in terms of R and C:
C. From the expression obtained in part (B) above, how do we get a first-order differential equation of the type written below?
$RC \frac{di(t)}{dt} + i(t) = 0$
D. What special name is given to the expression RC for the above circuit?",4,explanation,medium,true,dataset/diagrams/ECU_103___PHYSICS_FOR_ENGINEERS_2_pdf_QUESTION_3__c99a2751.jpg,RC circuit with voltage source,"RC circuit, transient analysis, time constant, differential equation",,extracted
ae38c2e6,ECU 103 • PHYSICS FOR ENGINEERS 2.pdf,ECU 103,PHYSICS FOR ENGINEERS II,KENYATTA UNIVERSITY,2018,2,End of Semester,Q1.(a),"(i) In words, explain the meaning of superposition principle in electrostatics?
(ii) Three identical charges are placed on the vertices of an equilateral triangle. If two charges exert a force of 0.001 N each on the third. What is the resultant force on the third charge?",4,explanation,medium,false,,,"superposition principle, electrostatics, Coulomb's Law",,extracted
16d6a092,ECU 103 • PHYSICS FOR ENGINEERS 2.pdf,ECU 103,PHYSICS FOR ENGINEERS II,KENYATTA UNIVERSITY,2018,2,End of Semester,Q1.(b),"(i) In words, explain the meaning of Biot-Savart law?
(ii) A curved wire subtending an angle $\pi/4$ at the center of curvature of radius 5 cm, is carrying 5 A. Find the field at the centre of curvature.",4,explanation,medium,false,,,"Biot-Savart law, magnetic field",,extracted
63366e41,ECU 103 • PHYSICS FOR ENGINEERS 2.pdf,ECU 103,PHYSICS FOR ENGINEERS II,KENYATTA UNIVERSITY,2018,2,End of Semester,Q1.(c),"(i) In words, explain the meaning of Gauss's law?
(ii) Use Gauss's law to derive the expression for capacitance per unit length of a cylindrical capacitor.",4,derivation,medium,false,,,"Gauss's law, capacitance, cylindrical capacitor",,extracted
0e69e765,ECU 103 • PHYSICS FOR ENGINEERS 2.pdf,ECU 103,PHYSICS FOR ENGINEERS II,KENYATTA UNIVERSITY,2018,2,End of Semester,Q1.(d),"(i) In words, explain the meaning of Ampere's law?
(ii) A wire of radius 3 mm carrying 2 A. Find the magnetic field at a point 2 mm from its center?",4,explanation,medium,false,,,"Ampere's law, magnetic field",,extracted
10171e71,ECU 103 • PHYSICS FOR ENGINEERS 2.pdf,ECU 103,PHYSICS FOR ENGINEERS II,KENYATTA UNIVERSITY,2018,2,End of Semester,Q1.(e),"(i) In words, explain the meaning of a filter?
(ii) Show that an RC circuit can act as a low pass filter.
(iii) Give one application of a convex mirror?",5,explanation,medium,false,,,"filters, RC circuit, optics, convex mirror",,extracted
63c5035e,ECU 103 • PHYSICS FOR ENGINEERS 2.pdf,ECU 103,PHYSICS FOR ENGINEERS II,KENYATTA UNIVERSITY,2018,2,End of Semester,Q1.(f),(i) A convex lens has radius of curvature of 40 cm is made of glass with n = 1.65. Find its focal length.,3,calculation,easy,false,,,"optics, lens, focal length",,extracted
2d600621,ECU 103 • PHYSICS FOR ENGINEERS 2.pdf,ECU 103,PHYSICS FOR ENGINEERS II,KENYATTA UNIVERSITY,2018,2,End of Semester,Q1.(g),"(i) In words, explain the meaning of Huygen's principle?
(ii) A light beam passes from medium 1, with an index of refraction $n_1$, through a thick slab of material whose index of refraction is $n_2$, and emerges from the slab into medium 1. Show that the emerging beam is parallel to the incident beam.",4,explanation,medium,false,,,"Huygen's principle, optics, refraction",,extracted
14a8cd89,ECU 103 • PHYSICS FOR ENGINEERS 2.pdf,ECU 103,PHYSICS FOR ENGINEERS II,KENYATTA UNIVERSITY,2018,2,End of Semester,Q1.(h),Differentiate between linearly polarized and circularly polarized waves.,2,explanation,easy,false,,,"polarization, waves",,extracted
4a3265dd,ECU 103 • PHYSICS FOR ENGINEERS 2.pdf,ECU 103,PHYSICS FOR ENGINEERS II,KENYATTA UNIVERSITY,2018,2,End of Semester,Q2.(a),"A parallel plate capacitor of area 115 $cm^2$ and plate separation 1.24 cm is filled with removable dielectric slab with $\epsilon_r = 2.6$. The capacitor is given a charge Q with the slab removed and not disconnected from the battery of $V_0 = 90 V$. Find
(i) the charge on the plates without the slab.
(ii) the charge on the plates with the slab inserted.
(iii) the field without the slab.
(iv) the field with the slab inserted.
(v) induced charge with the slab inserted",10,calculation,medium,false,,,"capacitor, dielectric, electric field, charge",,extracted
51acff02,ECU 103 • PHYSICS FOR ENGINEERS 2.pdf,ECU 103,PHYSICS FOR ENGINEERS II,KENYATTA UNIVERSITY,2018,2,End of Semester,Q2.(b),"A 2 $\mu F$ capacitor is charged using a 100 V battery. The battery is disconnected and two uncharged capacitors are connected to it as shown in Fig. 1.
",,other,medium,true,dataset/diagrams/ECU_103___PHYSICS_FOR_ENGINEERS_2_pdf_Q2__b__51acff02.jpg,Series and parallel capacitor configurations,"capacitor, circuit analysis",,extracted
c0c79f22,ECU 200 Calculus 2 - Engineering Maths 5.pdf,ECU 200,ENGINEERING MATHEMATICS V,KENYATTA UNIVERSITY,2020,2,End of Semester,Q4(c),Evaluate the limits $\lim_{x \to \infty} \frac{e^x}{x}$,5,calculation,medium,false,,,"limits, L'Hopital's rule",,extracted
cec58bf2,ECU 200 Calculus 2 - Engineering Maths 5.pdf,ECU 200,ENGINEERING MATHEMATICS V,KENYATTA UNIVERSITY,2020,2,End of Semester,Q4(d),Use a power series in x for $ln(1+cos x)$ upto the $3^{rd}$ non-zero term.,9,derivation,hard,false,,,"power series, Taylor series, Maclaurin series",,extracted
fff761b1,ECU 200 Calculus 2 - Engineering Maths 5.pdf,ECU 200,ENGINEERING MATHEMATICS V,KENYATTA UNIVERSITY,2020,2,End of Semester,Q5(a),Use Maclaurin's series to find the series for $ln(1+x)$,5,derivation,medium,false,,,"Maclaurin series, Taylor series",,extracted
6f986f20,ECU 200 Calculus 2 - Engineering Maths 5.pdf,ECU 200,ENGINEERING MATHEMATICS V,KENYATTA UNIVERSITY,2020,2,End of Semester,Q5(b),Evaluate $\int \sqrt{4-x^2}dx$,5,calculation,medium,false,,,integration,,extracted
b6d75276,ECU 200 Calculus 2 - Engineering Maths 5.pdf,ECU 200,ENGINEERING MATHEMATICS V,KENYATTA UNIVERSITY,2020,2,End of Semester,Q5(c),"A particle moves in a straight line and its acceleration after t seconds is $a = (cos^2 t) \ m/s^2$.
i) Find an expression for velocity $V \ m/s$ and displacement $S \ m$, given that at $t=0$, $v = 2 \ m/s$, $S = -4m$.
ii) Determine the velocity and the displacement after $\frac{\pi}{3}$ seconds.",7,derivation,medium,false,,,"kinematics, integration",,extracted
45fa34fe,ECU 200 Calculus 2 - Engineering Maths 5.pdf,ECU 200,ENGINEERING MATHEMATICS V,KENYATTA UNIVERSITY,2020,2,End of Semester,Q5(d),"Use the Simpson's rule to estimate the surface area of a pond whose measurements across are taken every 20 ft along the width:

| Measurement no: | 1 | 2 | 3 | 4 | 5 | 6 | 7 | 8 | 9 |
|---|---|---|---|---|---|---|---|---|---|
| Width (ft) | 0 | 50 | 54 | 82 | 82 | 73 | 75 | 80 | 0 |

If average depth is 10 ft, and the plan is to start with 1 fish per 1,000 cubic feet of water, how many fish are needed?",3,calculation,medium,false,,,"Simpson's rule, numerical integration",,extracted
618d2b17,ECU 200 Calculus 2 - Engineering Maths 5.pdf,ECU 200,ENGINEERING MATHEMATICS V,KENYATTA UNIVERSITY,2020,2,End of Semester,QUESTION 5(a),Show that the series $\sum_{n=1}^{\infty} \frac{1}{n(n+1)}$ converges to 1.,4,proof,medium,false,,,"series, convergence",,extracted
38ca1078,ECU 200 Calculus 2 - Engineering Maths 5.pdf,ECU 200,ENGINEERING MATHEMATICS V,KENYATTA UNIVERSITY,2020,2,End of Semester,QUESTION 5(b),Find the Binomial expansion for $f(x) = [\frac{3x+2}{x}]^{\frac{2}{x}}$ and use it to get the exact value of $20.3^{4}$. Do not use a Calculator.,5,calculation,medium,false,,,"binomial expansion, series expansion",,extracted
e6f06ba3,ECU 200 Calculus 2 - Engineering Maths 5.pdf,ECU 200,ENGINEERING MATHEMATICS V,KENYATTA UNIVERSITY,2020,2,End of Semester,QUESTION 5(c),"Using L'Hospital Rule or otherwise, evaluate $\lim_{x \to 0} \frac{1+x - sin x - cos x}{x^3 + x^2}$",5,calculation,medium,false,,,"limits, L'Hopital's rule",,extracted
1166abd0,ECU 200 Calculus 2 - Engineering Maths 5.pdf,ECU 200,ENGINEERING MATHEMATICS V,KENYATTA UNIVERSITY,2020,2,End of Semester,QUESTION 5(d),Evaluate $\int_{0}^{4} \sqrt{1 + x^3} \ dx$ by Simpsons rule with $n = 8$.,6,calculation,medium,false,,,"Simpson's rule, numerical integration",,extracted
e491a59d,ECU 200 Calculus 2 - Engineering Maths 5.pdf,ECU 200,ENGINEERING MATHEMATICS V,KENYATTA UNIVERSITY,2020,2,End of Semester,1. i.,"Evaluate the following indefinite integrals
$\int x \sqrt{2x+3} \ dx$
",3,calculation,medium,false,,,integration,,extracted
c8cfe8f0,ECU 200 Calculus 2 - Engineering Maths 5.pdf,ECU 200,ENGINEERING MATHEMATICS V,KENYATTA UNIVERSITY,2020,2,End of Semester,1. ii.,$\int x^2 \ln x \ dx$,3,calculation,medium,false,,,"integration, integration by parts",,extracted
78364c5e,ECU 200 Calculus 2 - Engineering Maths 5.pdf,ECU 200,ENGINEERING MATHEMATICS V,KENYATTA UNIVERSITY,2020,2,End of Semester,1. iii.,$\int \frac{2x+4}{x^3 - 2x^2} \ dx$,7,calculation,medium,false,,,"integration, partial fractions",,extracted
edff3d2a,ECU 200 Calculus 2 - Engineering Maths 5.pdf,ECU 200,ENGINEERING MATHEMATICS V,KENYATTA UNIVERSITY,2020,2,End of Semester,1. iv.,$\int \frac{dx}{\sqrt{5 - 4x - 2x^2}}$,6,calculation,medium,false,,,integration,,extracted
414b27b7,ECU 200 Calculus 2 - Engineering Maths 5.pdf,ECU 200,ENGINEERING MATHEMATICS V,KENYATTA UNIVERSITY,2020,2,End of Semester,1. v.,$\int \frac{dx}{1 + sin x}$,7,calculation,medium,false,,,integration,,extracted
a13c37d7,ECU 200 Calculus 2 - Engineering Maths 5.pdf,ECU 200,ENGINEERING MATHEMATICS V,KENYATTA UNIVERSITY,2020,2,End of Semester,1. vi.,$\int sin^3 \theta cos^4 \theta \ d\theta$,4,calculation,medium,false,,,integration,,extracted
65d7a739,ECU 200 Calculus 2 - Engineering Maths 5.pdf,ECU 200,ENGINEERING MATHEMATICS V,KENYATTA UNIVERSITY,2020,2,End of Semester,2.,Obtain the reduction formulae for $I_n = \int cos^n x \ dx$. Hence evaluate $\int cos^3 x \ dx$,7,derivation,medium,false,,,"reduction formula, integration",,extracted
2d745c9f,ECU 200 Calculus 2 - Engineering Maths 5.pdf,ECU 200,ENGINEERING MATHEMATICS V,KENYATTA UNIVERSITY,2020,2,End of Semester,3.,Use fundamental theorem of calculus to evaluate $\frac{d}{dx} (\int_{1999}^{5x} cos t \ dt)$,4,calculation,medium,false,,,"fundamental theorem of calculus, differentiation, integration",,extracted
